"original","transformed"
"0","0"
"0","0"
"0","0"
"0","0"
"0","0"
"0","0"
"9.730999946594238","2.3731367588043213"
"0","0"
"0","0"
"0","0"
"0","0"
"0","0"
"0","0"
"29.285003662109375","3.4106526374816895"
"0","0"
"0","0"
"0","0"
"0","0"
"0","0"
"0.12599992752075195","0.1186714619398117"
"0","0"
"108.04499053955078","4.691760540008545"
"0","0"
"0","0"
"0","0"
"0","0"
"0","0"
"0","0"
"31.3280029296875","3.475933790206909"
"0","0"
"2.254999876022339","1.180192232131958"
"0","0"
"0","0"
"0","0"
"0","0"
"0","0"
"0","0"
"0","0"
"0","0"
"0","0"
"0","0"
"0","0"
"0","0"
"0","0"
"49.25800323486328","3.9171698093414307"
"0","0"
"0","0"
"0","0"
"0","0"
"0","0"
"0","0"
"0","0"
"116.62503051757812","4.7675018310546875"
"0","0"
"0","0"
"0","0"
"0","0"
"0","0"
"0","0"
"0","0"
"0","0"
"0","0"
"0","0"
"0","0"
"0","0"
"0","0"
"0","0"
"0","0"
"0","0"
"0.2109999656677246","0.1914464384317398"
"1.2330000400543213","0.8033459782600403"
"1.2730000019073486","0.8211005330085754"
"0.06099987030029297","0.05921173840761185"
"0","0"
"0","0"
"3.692999839782715","1.546072006225586"
"0.9549998641014099","0.6703901290893555"
"0","0"
"0","0"
"0","0"
"0","0"
"0","0"
"0","0"
"0","0"
"0","0"
"0","0"
"0","0"
"0","0"
"166.76902770996094","5.122588157653809"
"175.3209686279297","5.172306060791016"
"0","0"
"0","0"
"0","0"
"0","0"
"0","0"
"77.6780014038086","4.365363597869873"
"0","0"
"0","0"
"0","0"
"0","0"
"0","0"
"0","0"
"0","0"
"0","0"
"0","0"
"0","0"
"0","0"
"0","0"
"0","0"
"0","0"
"0","0"
"0","0"
"0","0"
"0","0"
"0","0"
"0","0"
"0","0"
"0","0"
"0","0"
"0","0"
"0","0"
"0","0"
"0","0"
"0","0"
"0","0"
"0","0"
"0","0"
"0","0"
"0","0"
"0","0"
"0","0"
"0","0"
"0","0"
"0","0"
"0","0"
"0","0"
"0","0"
"0","0"
"2.380000114440918","1.2178757190704346"
"0","0"
"1.9869998693466187","1.0942695140838623"
"0","0"
"0","0"
"21.308000564575195","3.104945421218872"
"46.48600387573242","3.8604350090026855"
"0","0"
"0","0"
"0","0"
"0","0"
"0","0"
"0","0"
"0","0"
"0","0"
"0","0"
"0","0"
"0","0"
"0","0"
"0","0"
"0.9699999690055847","0.6780335307121277"
"0","0"
"0","0"
"0","0"
"43.43600082397461","3.7940499782562256"
"0","0"
"8.531001091003418","2.254549741744995"
"0","0"
"0","0"
"2.797999858856201","1.3344745635986328"
"8.143000602722168","2.2129886150360107"
"0","0"
"0","0"
"0","0"
"0","0"
"0","0"
"71.29500579833984","4.280755043029785"
"0","0"
"0","0"
"0","0"
"0","0"
"0","0"
"0","0"
"0","0"
"0","0"
"0","0"
"0","0"
"0","0"
"0","0"
"0","0"
"0","0"
"0","0"
"0","0"
"0","0"
"0","0"
"0","0"
"0","0"
"0","0"
"0.19999980926513672","0.18232139945030212"
"0","0"
"0","0"
"0","0"
"0","0"
"0","0"
"0","0"
"0","0"
"0","0"
"0","0"
"0","0"
"0","0"
"0","0"
"0","0"
"0","0"
"0","0"
"0","0"
"0","0"
"0","0"
"0","0"
"0","0"
"0","0"
"0","0"
"0","0"
"0","0"
"0","0"
"0","0"
"0","0"
"0","0"
"0","0"
"0","0"
"0","0"
"0","0"
"0","0"
"0","0"
"0","0"
"0","0"
"0","0"
"86.13201904296875","4.467424392700195"
"0","0"
"0","0"
"0","0"
"0","0"
"0","0"
"0","0"
"0","0"
"0","0"
"0","0"
"0","0"
"0","0"
"0","0"
"0","0"
"0","0"
"0","0"
"0","0"
"81.65101623535156","4.4146270751953125"
"0","0"
"0","0"
"0","0"
"0","0"
"0","0"
"0","0"
"0","0"
"17.08500099182129","2.895082950592041"
"10.649998664855957","2.455306053161621"
"0","0"
"0","0"
"0","0"
"0","0"
"0","0"
"0","0"
"0","0"
"5.039999961853027","1.7984039783477783"
"0","0"
"0","0"
"0","0"
"0","0"
"0","0"
"0","0"
"0","0"
"0","0"
"0","0"
"0","0"
"0","0"
"0","0"
"0","0"
"0","0"
"0","0"
"0","0"
"0","0"
"0","0"
"0","0"
"0","0"
"0","0"
"0","0"
"0","0"
"0","0"
"0","0"
"0","0"
"1.6230000257492065","0.9643186926841736"
"0","0"
"0","0"
"0","0"
"0","0"
"0","0"
"0","0"
"0","0"
"0","0"
"0","0"
"0","0"
"0","0"
"0","0"
"0","0"
"0","0"
"0","0"
"0","0"
"0","0"
"0","0"
"0","0"
"0","0"
"0","0"
"0","0"
"0","0"
"0.9050000309944153","0.6444820165634155"
"0","0"
"0","0"
"0","0"
"0","0"
"0","0"
"0","0"
"0","0"
"0","0"
"0.7879998683929443","0.5810976028442383"
"0","0"
"0","0"
"0","0"
"0","0"
"0","0"
"0","0"
"100.26700592041016","4.61776065826416"
"0","0"
"0","0"
"0","0"
"0","0"
"0","0"
"122.67102813720703","4.817625045776367"
"0","0"
"0","0"
"0","0"
"0","0"
"0","0"
"0","0"
"0","0"
"0","0"
"0","0"
"0","0"
"0","0"
"0","0"
"0","0"
"0","0"
"0","0"
"0","0"
"0","0"
"0","0"
"0","0"
"0","0"
"0","0"
"0","0"
"121.59398651123047","4.808877944946289"
"0","0"
"0","0"
"0","0"
"0","0"
"0","0"
"0","0"
"0","0"
"0","0"
"0","0"
"0","0"
"0","0"
"0","0"
"0","0"
"0","0"
"0","0"
"0","0"
"0","0"
"0","0"
"0","0"
"0","0"
"0","0"
"0.557999849319458","0.44340285658836365"
"0.395999938249588","0.3336109519004822"
"0.41100001335144043","0.34429869055747986"
"0","0"
"0","0"
"0","0"
"0","0"
"0","0"
"0","0"
"0","0"
"0","0"
"0","0"
"0","0"
"0","0"
"0.6089999675750732","0.4756128489971161"
"0","0"
"48.74899673461914","3.9069902896881104"
"0","0"
"7.339000225067139","2.120943307876587"
"0","0"
"4.390999794006348","1.684730887413025"
"3.5169999599456787","1.5078480243682861"
"0","0"
"34134.140625","10.438082695007324"
"0","0"
"0","0"
"0","0"
"0","0"
"0","0"
"0","0"
"0","0"
"0","0"
"0","0"
"0","0"
"0","0"
"0","0"
"0","0"
"0","0"
"0","0"
"0","0"
"0","0"
"0","0"
"0","0"
"0","0"
"0","0"
"0","0"
"0","0"
"0","0"
"0","0"
"0","0"
"0","0"
"0","0"
"0","0"
"0","0"
"0","0"
"0","0"
"0","0"
"0","0"
"0","0"
"0","0"
"0","0"
"0","0"
"0","0"
"0","0"
"0","0"
"0","0"
"0","0"
"0","0"
"0","0"
"0","0"
"8.501999855041504","2.251502275466919"
"0","0"
"0","0"
"0","0"
"0","0"
"0","0"
"0","0"
"0","0"
"0","0"
"0","0"
"0","0"
"65.97299194335938","4.204289436340332"
"0","0"
"0","0"
"0","0"
"0","0"
"0","0"
"0","0"
"0","0"
"0","0"
"0","0"
"0","0"
"0","0"
"0","0"
"0","0"
"0","0"
"0","0"
"0","0"
"0","0"
"0","0"
"2.8469998836517334","1.3472936153411865"
"0","0"
"0","0"
"0","0"
"0","0"
"113.99199676513672","4.7448625564575195"
"0","0"
"0","0"
"0","0"
"0","0"
"0","0"
"0","0"
"0","0"
"0","0"
"0","0"
"0","0"
"0","0"
"429.95196533203125","6.0659966468811035"
"0","0"
"0","0"
"0","0"
"0","0"
"0","0"
"0","0"
"0","0"
"0","0"
"0","0"
"0","0"
"0","0"
"0","0"
"0","0"
"0","0"
"0","0"
"1.0799999237060547","0.7323678731918335"
"1.9339998960494995","1.076366662979126"
"2.8350002765655518","1.3441694974899292"
"2.63100004196167","1.2895081043243408"
"0","0"
"0","0"
"0","0"
"0","0"
"0","0"
"0","0"
"20.55999755859375","3.0708396434783936"
"0","0"
"0","0"
"0","0"
"0","0"
"0","0"
"0","0"
"0","0"
"0","0"
"1.2070000171661377","0.7916341423988342"
"6.972999572753906","2.0760607719421387"
"0.11500000953674316","0.10885441303253174"
"0","0"
"0.5789999961853027","0.4567917287349701"
"0.15799999237060547","0.1466943770647049"
"0.2709999084472656","0.23980392515659332"
"0","0"
"0.3789999485015869","0.3213585615158081"
"113.32901763916016","4.739080429077148"
"88.43299865722656","4.493489742279053"
"0","0"
"0","0"
"0","0"
"0","0"
"0","0"
"0","0"
"0","0"
"125.32797241210938","4.838881492614746"
"101.53499603271484","4.630204200744629"
"0","0"
"15.706001281738281","2.815768003463745"
"0","0"
"0","0"
"0","0"
"0","0"
"0","0"
"0","0"
"0","0"
"0","0"
"0","0"
"0","0"
"0","0"
"0","0"
"0","0"
"0","0"
"0","0"
"0","0"
"0","0"
"0","0"
"0","0"
"3.9160001277923584","1.5924952030181885"
"0","0"
"0","0"
"0","0"
"0","0"
"0","0"
"0","0"
"0","0"
"0","0"
"0","0"
"0","0"
"0","0"
"0","0"
"0","0"
"0","0"
"0","0"
"0","0"
"0","0"
"0","0"
"0","0"
"0","0"
"0","0"
"0","0"
"0","0"
"0","0"
"0","0"
"0","0"
"0","0"
"0","0"
"0","0"
"0","0"
"0","0"
"0","0"
"246.74598693847656","5.512403964996338"
"0","0"
"41.88400650024414","3.7584989070892334"
"0","0"
"0","0"
"0","0"
"6.608999252319336","2.029331684112549"
"0","0"
"0","0"
"0","0"
"0","0"
"0","0"
"0","0"
"0","0"
"0","0"
"0","0"
"0","0"
"0","0"
"0","0"
"0","0"
"0","0"
"0","0"
"0","0"
"0","0"
"0","0"
"0","0"
"0","0"
"0","0"
"0","0"
"0","0"
"0","0"
"0","0"
"0","0"
"0","0"
"0","0"
"0","0"
"0","0"
"0","0"
"0","0"
"0","0"
"0","0"
"0","0"
"0","0"
"0","0"
"0","0"
"0","0"
"0","0"
"0","0"
"0","0"
"0","0"
"0","0"
"0","0"
"0","0"
"0","0"
"22.85099983215332","3.171826124191284"
"0","0"
"0","0"
"0","0"
"0","0"
"0","0"
"0","0"
"0","0"
"0","0"
"0","0"
"0","0"
"0","0"
"32.52400207519531","3.5122616291046143"
"90.6929931640625","4.51844596862793"
"0","0"
"0","0"
"0","0"
"0","0"
"0","0"
"1.9800001382827759","1.0919233560562134"
"8.185998916625977","2.2176804542541504"
"0","0"
"0","0"
"0","0"
"0","0"
"0","0"
"0","0"
"0","0"
"76.32698059082031","4.348042964935303"
"0","0"
"0","0"
"0","0"
"0","0"
"0","0"
"0","0"
"0","0"
"0","0"
"0","0"
"15.144001007080078","2.781548500061035"
"0","0"
"0","0"
"0","0"
"0","0"
"0","0"
"0","0"
"0","0"
"2.8299996852874756","1.342864751815796"
"0","0"
"0","0"
"0","0"
"0","0"
"0","0"
"0","0"
"0","0"
"0","0"
"0","0"
"0","0"
"0","0"
"0","0"
"0","0"
"0","0"
"7.251999378204346","2.1104555130004883"
"0","0"
"0","0"
"0","0"
"0","0"
"0","0"
"0.312000036239624","0.271552711725235"
"0","0"
"0","0"
"0","0"
"0","0"
"0","0"
"0","0"
"0","0"
"0","0"
"0","0"
"0","0"
"0","0"
"0","0"
"0","0"
"0","0"
"18.936002731323242","2.9925272464752197"
"0","0"
"0","0"
"0","0"
"0","0"
"0","0"
"0","0"
"435.4129638671875","6.078588962554932"
"0","0"
"0","0"
"354.23004150390625","5.87276554107666"
"56.14799499511719","4.045644283294678"
"42.57100296020508","3.7743918895721436"
"3.80299973487854","1.569240689277649"
"0","0"
"0","0"
"0","0"
"0","0"
"0","0"
"0","0"
"8.04800033569336","2.2025437355041504"
"0","0"
"0","0"
"0","0"
"0","0"
"0","0"
"0","0"
"0","0"
"0","0"
"0","0"
"0","0"
"0","0"
"69.98200225830078","4.262426376342773"
"0","0"
"0","0"
"0","0"
"0","0"
"0","0"
"0","0"
"0","0"
"0","0"
"0","0"
"0","0"
"0","0"
"0","0"
"0","0"
"0","0"
"0","0"
"0","0"
"0","0"
"0","0"
"0","0"
"0","0"
"0","0"
"0","0"
"0","0"
"0","0"
"0","0"
"0","0"
"0","0"
"0","0"
"0","0"
"0","0"
"0","0"
"0","0"
"0","0"
"0","0"
"0","0"
"0","0"
"0","0"
"0","0"
"120.6240005493164","4.800934314727783"
"0","0"
"0","0"
"0","0"
"0","0"
"0","0"
"0","0"
"99.01397705078125","4.605309963226318"
"0","0"
"0","0"
"0","0"
"0","0"
"0","0"
"774.5401000976562","6.653559684753418"
"0","0"
"0.5269999504089355","0.4233050048351288"
"0","0"
"0","0"
"0","0"
"0","0"
"0","0"
"0","0"
"0","0"
"12.73900032043457","2.6202385425567627"
"0","0"
"0","0"
"3.9080002307891846","1.5908665657043457"
"0","0"
"0","0"
"0","0"
"0","0"
"0","0"
"0","0"
"28.740001678466797","3.3924930095672607"
"0","0"
"0","0"
"0","0"
"9.188000679016113","2.3212106227874756"
"0","0"
"0","0"
"0","0"
"0","0"
"0","0"
"0","0"
"0","0"
"0","0"
"0","0"
"0","0"
"0","0"
"0","0"
"84.63198852539062","4.450058937072754"
"0","0"
"0","0"
"0","0"
"0","0"
"0","0"
"0","0"
"0","0"
"0","0"
"0","0"
"0","0"
"0","0"
"0","0"
"0","0"
"0","0"
"0","0"
"0","0"
"0","0"
"0","0"
"0","0"
"61.885009765625","4.141307830810547"
"5.562000274658203","1.8812954425811768"
"0","0"
"0","0"
"0","0"
"0","0"
"0","0"
"0","0"
"0","0"
"0","0"
"0","0"
"0","0"
"0","0"
"0","0"
"0","0"
"0","0"
"0","0"
"0","0"
"0","0"
"0","0"
"0","0"
"0","0"
"0","0"
"0","0"
"0","0"
"0","0"
"0","0"
"0","0"
"0","0"
"0","0"
"0","0"
"0","0"
"10.210999488830566","2.4168953895568848"
"0","0"
"0","0"
"0","0"
"0","0"
"0","0"
"0","0"
"0","0"
"0","0"
"0","0"
"0","0"
"0","0"
"0","0"
"0","0"
"0","0"
"47.11199951171875","3.8735315799713135"
"0","0"
"0","0"
"0","0"
"0","0"
"0","0"
"0","0"
"0","0"
"0","0"
"0","0"
"0","0"
"1.1480000019073486","0.7645371556282043"
"0","0"
"0","0"
"4.126999855041504","1.6345206499099731"
"0","0"
"0","0"
"0","0"
"0","0"
"0","0"
"0","0"
"0","0"
"0","0"
"0","0"
"0","0"
"0","0"
"0","0"
"0","0"
"0","0"
"0","0"
"0","0"
"0","0"
"0","0"
"20.887998580932617","3.0859384536743164"
"16.424001693725586","2.857848644256592"
"0","0"
"0","0"
"0","0"
"0","0"
"0","0"
"0","0"
"0","0"
"0","0"
"0","0"
"0","0"
"0","0"
"0","0"
"0","0"
"0","0"
"0","0"
"0","0"
"0","0"
"0","0"
"0","0"
"0","0"
"0","0"
"0","0"
"0","0"
"0","0"
"0","0"
"0","0"
"0","0"
"0","0"
"0","0"
"0","0"
"0","0"
"0","0"
"0","0"
"0","0"
"0","0"
"0","0"
"0","0"
"0","0"
"0","0"
"0","0"
"0","0"
"0","0"
"0","0"
"0","0"
"0","0"
"0","0"
"0","0"
"0","0"
"0","0"
"0","0"
"0","0"
"0","0"
"0","0"
"0","0"
"0","0"
"0","0"
"0","0"
"0","0"
"0","0"
"0","0"
"0","0"
"0","0"
"0","0"
"0","0"
"0","0"
"0","0"
"0","0"
"0","0"
"3.6480000019073486","1.5364370346069336"
"13.670000076293945","2.685804605484009"
"0","0"
"0","0"
"0","0"
"0","0"
"39.4379997253418","3.699769973754883"
"0","0"
"0","0"
"0","0"
"0","0"
"0","0"
"0","0"
"0","0"
"0","0"
"0","0"
"0","0"
"0","0"
"0","0"
"0","0"
"0","0"
"0","0"
"0","0"
"0","0"
"0","0"
"0","0"
"0","0"
"73.55401611328125","4.311523914337158"
"0","0"
"0","0"
"0","0"
"0","0"
"0","0"
"0","0"
"228.22494506835938","5.434703826904297"
"0","0"
"0","0"
"0","0"
"0","0"
"0","0"
"0","0"
"0","0"
"0","0"
"0","0"
"0","0"
"0","0"
"0","0"
"0","0"
"0","0"
"0","0"
"0","0"
"0","0"
"0","0"
"0","0"
"0","0"
"0","0"
"0","0"
"0","0"
"0","0"
"0","0"
"19.082998275756836","2.999873638153076"
"0","0"
"0","0"
"0","0"
"0","0"
"0","0"
"0","0"
"0","0"
"0","0"
"44.650001525878906","3.8210036754608154"
"0","0"
"0","0"
"0","0"
"0","0"
"0","0"
"0","0"
"0","0"
"0","0"
"116.42798614501953","4.765825271606445"
"2.2239999771118164","1.1706228256225586"
"0","0"
"0","0"
"0","0"
"0","0"
"0","0"
"0","0"
"0","0"
"0","0"
"0","0"
"0","0"
"0","0"
"0","0"
"0","0"
"0","0"
"0","0"
"0","0"
"0","0"
"0","0"
"0","0"
"0","0"
"0","0"
"0","0"
"0","0"
"0","0"
"0","0"
"0","0"
"0","0"
"3.3339998722076416","1.4664908647537231"
"0","0"
"0","0"
"0","0"
"0","0"
"0","0"
"0","0"
"0","0"
"1.9089999198913574","1.0678093433380127"
"0","0"
"0","0"
"0","0"
"0","0"
"0","0"
"0","0"
"0","0"
"0","0"
"0","0"
"125.79701232910156","4.842587471008301"
"0","0"
"0","0"
"0","0"
"0","0"
"0","0"
"0","0"
"0","0"
"120.47099304199219","4.799675464630127"
"108.49699401855469","4.695897102355957"
"0","0"
"77.02999877929688","4.357093334197998"
"0.41699981689453125","0.34854182600975037"
"0","0"
"0","0"
"0","0"
"0","0"
"0","0"
"0","0"
"0","0"
"0","0"
"0","0"
"0","0"
"0","0"
"0","0"
"0","0"
"434.87994384765625","6.077366828918457"
"5.741999626159668","1.9083565473556519"
"0","0"
"0","0"
"0","0"
"0","0"
"0","0"
"0","0"
"0","0"
"0","0"
"0","0"
"0","0"
"0","0"
"0","0"
"0","0"
"0","0"
"0","0"
"0","0"
"0","0"
"0","0"
"5.296999931335449","1.8400733470916748"
"4.775000095367432","1.7535382509231567"
"0","0"
"0","0"
"0","0"
"0","0"
"0","0"
"0","0"
"0","0"
"0","0"
"0","0"
"0","0"
"0","0"
"0","0"
"0","0"
"0","0"
"0","0"
"0","0"
"0","0"
"0","0"
"0","0"
"0","0"
"0","0"
"0","0"
"0","0"
"27.154998779296875","3.3377249240875244"
"0","0"
"0","0"
"0","0"
"0","0"
"0","0"
"0","0"
"0","0"
"0","0"
"1.2429999113082886","0.8078142404556274"
"0","0"
"0","0"
"0","0"
"0","0"
"0","0"
"0","0"
"0","0"
"0","0"
"93.55601501464844","4.549192428588867"
"46.07200241088867","3.8516783714294434"
"0","0"
"88.52699279785156","4.494540214538574"
"21.6200008392334","3.1188344955444336"
"0","0"
"0","0"
"0","0"
"0","0"
"0","0"
"0","0"
"0","0"
"0","0"
"0","0"
"0","0"
"0","0"
"0","0"
"0","0"
"0","0"
"0","0"
"0","0"
"0","0"
"0","0"
"0","0"
"0","0"
"0","0"
"0","0"
"0","0"
"0","0"
"0","0"
"0","0"
"0","0"
"0","0"
"0","0"
"0","0"
"0","0"
"0","0"
"0","0"
"0","0"
"0","0"
"0","0"
"27.000001907348633","3.332204580307007"
"0","0"
"44.000003814697266","3.8066625595092773"
"0","0"
"0","0"
"0","0"
"0","0"
"0","0"
"0","0"
"0","0"
"0","0"
"0","0"
"0","0"
"0","0"
"0","0"
"0","0"
"29.462997436523438","3.4165127277374268"
"0","0"
"0","0"
"0","0"
"0","0"
"0","0"
"0","0"
"0","0"
"0","0"
"0","0"
"0","0"
"0","0"
"0","0"
"0","0"
"0","0"
"0","0"
"0","0"
"0","0"
"0","0"
"0","0"
"0","0"
"0","0"
"0","0"
"0","0"
"0","0"
"0","0"
"0","0"
"0","0"
"0","0"
"0","0"
"3.2029998302459717","1.4357985258102417"
"0","0"
"0","0"
"0","0"
"0","0"
"0","0"
"0","0"
"0","0"
"0","0"
"0","0"
"11.218001365661621","2.5029103755950928"
"0","0"
"0","0"
"0","0"
"0","0"
"0","0"
"0","0"
"0","0"
"0","0"
"0","0"
"0","0"
"0","0"
"0","0"
"0","0"
"0","0"
"43.967002868652344","3.805928945541382"
"0","0"
"0","0"
"0","0"
"0","0"
"0","0"
"0","0"
"0","0"
"0","0"
"0","0"
"0","0"
"0","0"
"0","0"
"0","0"
"0","0"
"0","0"
"0","0"
"0","0"
"0","0"
"0","0"
"0","0"
"0","0"
"0","0"
"0","0"
"0","0"
"0","0"
"0","0"
"0","0"
"0","0"
"0","0"
"0","0"
"0","0"
"0","0"
"0","0"
"0","0"
"0","0"
"0","0"
"0","0"
"0","0"
"0","0"
"0","0"
"0","0"
"0","0"
"0.9179999828338623","0.6512829661369324"
"0","0"
"0","0"
"0","0"
"0","0"
"0","0"
"0","0"
"0","0"
"0","0"
"0","0"
"0","0"
"0","0"
"0","0"
"0","0"
"0","0"
"0","0"
"0","0"
"0","0"
"0","0"
"0","0"
"0","0"
"0","0"
"0","0"
"0","0"
"0","0"
"0","0"
"0","0"
"0","0"
"0","0"
"0","0"
"0","0"
"0","0"
"0","0"
"0.1359999179840088","0.12751324474811554"
"0","0"
"0","0"
"0","0"
"0","0"
"0","0"
"0","0"
"0","0"
"0","0"
"0","0"
"0","0"
"0","0"
"0","0"
"0","0"
"0","0"
"0","0"
"0","0"
"0","0"
"0","0"
"0","0"
"0","0"
"0","0"
"0","0"
"0","0"
"0","0"
"0","0"
"48.37400436401367","3.8994240760803223"
"22.20199966430664","3.1442384719848633"
"0","0"
"0","0"
"0","0"
"0","0"
"0","0"
"0","0"
"0","0"
"0","0"
"0","0"
"0","0"
"0","0"
"26.761001586914062","3.32363224029541"
"35.89099884033203","3.6079676151275635"
"7.324000835418701","2.119143009185791"
"0","0"
"0","0"
"0","0"
"0","0"
"0","0"
"0","0"
"0","0"
"0","0"
"0","0"
"0","0"
"0","0"
"0","0"
"0","0"
"0","0"
"0","0"
"0","0"
"0","0"
"0","0"
"0","0"
"0","0"
"0","0"
"0","0"
"34.862003326416016","3.5796782970428467"
"0","0"
"0","0"
"0","0"
"0","0"
"0","0"
"0","0"
"0","0"
"0","0"
"0","0"
"0","0"
"0","0"
"0","0"
"0","0"
"0","0"
"0","0"
"0","0"
"0","0"
"0","0"
"0","0"
"0","0"
"0","0"
"0","0"
"2.88700008392334","1.357637643814087"
"0","0"
"0.7119998931884766","0.5376622080802917"
"0","0"
"0","0"
"0","0"
"0","0"
"89.30298614501953","4.503170490264893"
"0","0"
"0","0"
"0","0"
"0","0"
"0","0"
"0","0"
"0","0"
"0","0"
"0","0"
"0","0"
"0","0"
"0","0"
"0","0"
"0","0"
"0","0"
"0","0"
"0","0"
"0","0"
"0","0"
"0","0"
"0","0"
"0","0"
"0","0"
"0","0"
"0","0"
"0","0"
"57.26099395751953","4.064932823181152"
"0","0"
"0","0"
"0","0"
"0","0"
"0","0"
"0","0"
"0","0"
"0","0"
"0","0"
"0","0"
"0","0"
"0","0"
"0","0"
"0","0"
"0","0"
"0","0"
"0","0"
"0","0"
"0","0"
"0","0"
"0","0"
"0","0"
"0","0"
"0","0"
"0","0"
"0","0"
"0","0"
"0","0"
"0","0"
"0","0"
"0","0"
"0","0"
"0","0"
"0","0"
"0","0"
"0","0"
"0","0"
"0","0"
"0","0"
"0","0"
"0","0"
"0","0"
"0","0"
"0","0"
"0","0"
"0","0"
"0","0"
"0","0"
"0","0"
"0","0"
"0","0"
"0","0"
"0","0"
"0","0"
"0","0"
"0","0"
"48.305999755859375","3.898045778274536"
"36.89699935913086","3.6348719596862793"
"0","0"
"0","0"
"0","0"
"0","0"
"0","0"
"5.383999824523926","1.853794813156128"
"0","0"
"0","0"
"0","0"
"0","0"
"0","0"
"0","0"
"0","0"
"0","0"
"0","0"
"0","0"
"0","0"
"0","0"
"0","0"
"0","0"
"0","0"
"0","0"
"0","0"
"36.14899826049805","3.6149368286132812"
"0","0"
"0","0"
"0","0"
"0","0"
"0","0"
"0","0"
"0","0"
"0","0"
"0","0"
"0","0"
"13.425999641418457","2.669032096862793"
"0","0"
"0","0"
"0","0"
"0","0"
"0","0"
"0","0"
"0","0"
"19.21400260925293","3.006375551223755"
"38.97200012207031","3.6881792545318604"
"0","0"
"0","0"
"0","0"
"0","0"
"0","0"
"0","0"
"0","0"
"0","0"
"1.4579998254776","0.8993479609489441"
"0","0"
"0","0"
"0","0"
"0","0"
"0","0"
"0","0"
"1.691999912261963","0.9902843832969666"
"0","0"
"0","0"
"0","0"
"0","0"
"0","0"
"0","0"
"0","0"
"0","0"
"0","0"
"0","0"
"0","0"
"0","0"
"0","0"
"0","0"
"0","0"
"0","0"
"0","0"
"0","0"
"0","0"
"0","0"
"0","0"
"0","0"
"0","0"
"0","0"
"0","0"
"0","0"
"0","0"
"9.908000946044922","2.3894965648651123"
"0","0"
"0","0"
"0","0"
"0","0"
"0","0"
"1.245999813079834","0.809150755405426"
"0","0"
"0","0"
"0","0"
"0","0"
"0","0"
"0","0"
"0","0"
"0","0"
"0","0"
"0","0"
"0","0"
"0","0"
"0","0"
"0","0"
"0","0"
"0","0"
"0","0"
"0","0"
"0","0"
"0","0"
"0","0"
"0","0"
"0","0"
"0","0"
"0.07799983024597168","0.07510731369256973"
"0","0"
"0","0"
"13.237000465393066","2.655844211578369"
"0","0"
"8.848000526428223","2.2872684001922607"
"0","0"
"1.9219998121261597","1.0722682476043701"
"0","0"
"154.1490020751953","5.04438591003418"
"0","0"
"111.72301483154297","4.724933624267578"
"0","0"
"0","0"
"0","0"
"0","0"
"0","0"
"0","0"
"0","0"
"0","0"
"0","0"
"0","0"
"0","0"
"0","0"
"0","0"
"0","0"
"0","0"
"0","0"
"0","0"
"20.987998962402344","3.090496778488159"
"0","0"
"0","0"
"0","0"
"0","0"
"0","0"
"0","0"
"0","0"
"0","0"
"0","0"
"0","0"
"0","0"
"0","0"
"3.7930002212524414","1.5671565532684326"
"2.806999921798706","1.3368414640426636"
"41.29399490356445","3.744645118713379"
"4.279000282287598","1.6637367010116577"
"57.15998840332031","4.063197612762451"
"0","0"
"24.271997451782227","3.2296969890594482"
"0","0"
"0","0"
"0","0"
"0","0"
"0","0"
"0","0"
"0","0"
"0","0"
"0","0"
"0","0"
"0","0"
"0","0"
"0","0"
"0","0"
"0","0"
"0","0"
"0","0"
"0","0"
"107.65000915527344","4.688131809234619"
"0","0"
"0","0"
"0","0"
"0","0"
"0","0"
"0","0"
"0","0"
"0","0"
"0","0"
"0","0"
"0","0"
"0","0"
"0","0"
"0","0"
"0","0"
"0","0"
"0","0"
"8.560999870300293","2.257692337036133"
"0","0"
"0","0"
"0","0"
"0","0"
"0","0"
"0","0"
"0","0"
"0","0"
"0","0"
"0","0"
"0","0"
"0","0"
"0","0"
"0","0"
"0","0"
"0","0"
"0","0"
"0","0"
"0","0"
"0","0"
"0","0"
"0","0"
"0","0"
"0","0"
"0","0"
"0","0"
"0","0"
"0","0"
"0","0"
"0","0"
"0","0"
"0","0"
"37.60399627685547","3.653355836868286"
"0","0"
"0","0"
"0","0"
"0","0"
"0","0"
"0","0"
"0","0"
"0","0"
"0","0"
"0","0"
"0","0"
"0","0"
"0","0"
"0","0"
"0","0"
"0","0"
"0","0"
"0","0"
"21.511999130249023","3.114048480987549"
"0","0"
"0","0"
"0","0"
"0","0"
"0","0"
"0","0"
"0","0"
"0","0"
"0","0"
"0","0"
"0","0"
"0","0"
"0","0"
"0","0"
"0","0"
"0","0"
"0","0"
"0","0"
"0","0"
"0","0"
"0","0"
"0","0"
"0","0"
"0","0"
"0","0"
"0","0"
"0","0"
"0","0"
"0","0"
"0","0"
"0","0"
"0","0"
"0","0"
"0","0"
"0","0"
"0","0"
"0","0"
"0","0"
"0","0"
"0","0"
"0","0"
"0","0"
"0","0"
"0","0"
"0","0"
"0","0"
"0","0"
"199.33302307128906","5.299981117248535"
"0","0"
"0","0"
"0","0"
"0","0"
"0","0"
"0","0"
"0","0"
"0","0"
"0.6899998188018799","0.5247284173965454"
"0","0"
"0","0"
"0","0"
"0","0"
"0","0"
"0","0"
"0","0"
"0","0"
"0","0"
"0","0"
"0","0"
"0","0"
"0","0"
"0","0"
"0","0"
"0","0"
"0","0"
"0","0"
"0","0"
"0","0"
"0","0"
"0","0"
"0","0"
"0","0"
"0","0"
"2.882999897003174","1.3566080331802368"
"0","0"
"0.7560000419616699","0.5630385279655457"
"0","0"
"0","0"
"0","0"
"0","0"
"0","0"
"0","0"
"0","0"
"0","0"
"0","0"
"0","0"
"0","0"
"0","0"
"0","0"
"0","0"
"0","0"
"0","0"
"0","0"
"0","0"
"0","0"
"0","0"
"0","0"
"0","0"
"0","0"
"0","0"
"0","0"
"0","0"
"0","0"
"0","0"
"0","0"
"0","0"
"0","0"
"0","0"
"0","0"
"0","0"
"0","0"
"0","0"
"0","0"
"0","0"
"0","0"
"0","0"
"0","0"
"1.1529998779296875","0.766862154006958"
"0","0"
"0","0"
"0","0"
"0","0"
"0.1529998779296875","0.1423671394586563"
"0","0"
"21.663002014160156","3.1207337379455566"
"0","0"
"0","0"
"0","0"
"0","0"
"0","0"
"0","0"
"0","0"
"0","0"
"0","0"
"0","0"
"0","0"
"0","0"
"0","0"
"0","0"
"0","0"
"0","0"
"14.811999320983887","2.7607691287994385"
"0","0"
"0","0"
"0","0"
"0","0"
"0","0"
"0","0"
"0","0"
"0","0"
"0","0"
"0","0"
"0","0"
"0","0"
"0","0"
"0","0"
"0","0"
"0","0"
"0","0"
"0","0"
"0","0"
"0","0"
"0","0"
"0","0"
"0","0"
"0","0"
"0","0"
"0","0"
"0","0"
"0","0"
"0","0"
"0","0"
"0","0"
"0","0"
"0","0"
"7.9419989585876465","2.1907591819763184"
"0","0"
"0","0"
"0","0"
"0","0"
"0","0"
"0","0"
"0","0"
"0","0"
"0","0"
"0","0"
"0","0"
"0","0"
"0","0"
"0","0"
"0","0"
"0","0"
"0","0"
"0","0"
"0","0"
"0","0"
"0","0"
"0","0"
"0","0"
"6.9170002937316895","2.069012403488159"
"0","0"
"4.2129998207092285","1.6511554718017578"
"0","0"
"0","0"
"0","0"
"0","0"
"0","0"
"0","0"
"9.565999031066895","2.3576412200927734"
"0","0"
"0","0"
"0","0"
"0","0"
"0","0"
"0","0"
"0","0"
"0","0"
"0","0"
"0","0"
"0","0"
"0","0"
"0","0"
"0","0"
"0","0"
"0","0"
"0","0"
"0","0"
"0","0"
"0","0"
"0","0"
"0","0"
"0","0"
"0","0"
"0","0"
"0","0"
"0","0"
"0","0"
"0","0"
"0","0"
"0","0"
"0","0"
"0","0"
"0","0"
"0","0"
"0","0"
"600.3660278320312","6.399203777313232"
"0","0"
"0","0"
"0","0"
"0","0"
"0","0"
"0","0"
"0","0"
"0","0"
"0","0"
"0","0"
"0","0"
"0","0"
"0","0"
"0","0"
"0","0"
"0","0"
"0","0"
"64.02701568603516","4.174802780151367"
"0","0"
"0","0"
"0","0"
"0","0"
"0","0"
"0","0"
"0","0"
"0","0"
"0","0"
"0","0"
"0","0"
"0","0"
"0","0"
"10.227998733520508","2.418410539627075"
"962.3820190429688","6.870450019836426"
"0","0"
"0","0"
"0","0"
"0","0"
"0","0"
"0","0"
"0","0"
"0","0"
"0","0"
"0","0"
"0","0"
"8.547999382019043","2.2563316822052"
"0","0"
"0","0"
"0","0"
"0","0"
"0","0"
"0","0"
"0","0"
"0","0"
"0","0"
"0","0"
"0","0"
"0","0"
"0","0"
"347.0509338378906","5.852348804473877"
"2.5839998722076416","1.2764794826507568"
"0","0"
"0","0"
"0","0"
"0","0"
"0","0"
"0","0"
"0","0"
"0","0"
"0","0"
"0","0"
"0","0"
"0","0"
"0","0"
"0","0"
"0","0"
"0","0"
"0","0"
"0","0"
"0","0"
"0","0"
"0","0"
"0","0"
"0","0"
"0","0"
"0","0"
"0","0"
"0","0"
"0","0"
"0","0"
"0","0"
"0","0"
"0","0"
"0","0"
"0","0"
"0","0"
"0","0"
"0","0"
"0","0"
"0","0"
"0","0"
"0","0"
"0","0"
"0","0"
"0","0"
"0","0"
"0","0"
"0","0"
"0","0"
"2.2899999618530273","1.1908875703811646"
"0","0"
"0","0"
"0","0"
"0","0"
"0","0"
"0","0"
"9.914999008178711","2.3901379108428955"
"18.343000411987305","2.9623305797576904"
"0","0"
"0","0"
"0","0"
"0","0"
"0","0"
"0","0"
"0","0"
"0","0"
"0","0"
"0","0"
"214.08200073242188","5.37101936340332"
"0","0"
"0","0"
"0","0"
"0","0"
"0","0"
"0","0"
"0","0"
"3.2869999408721924","1.4555871486663818"
"0","0"
"0","0"
"0","0"
"0","0"
"0","0"
"0","0"
"0","0"
"0","0"
"0","0"
"0","0"
"0","0"
"0","0"
"0","0"
"0","0"
"0","0"
"0","0"
"0","0"
"0","0"
"0","0"
"0","0"
"12.514998435974121","2.603800058364868"
"0","0"
"0","0"
"0","0"
"0","0"
"0","0"
"0","0"
"0","0"
"0","0"
"0","0"
"0","0"
"0","0"
"0","0"
"0","0"
"0","0"
"0","0"
"0","0"
"0","0"
"0","0"
"0","0"
"0","0"
"0","0"
"0","0"
"0","0"
"0","0"
"0","0"
"0","0"
"0","0"
"0","0"
"0","0"
"0","0"
"0","0"
"0","0"
"0","0"
"0","0"
"21.531002044677734","3.1148922443389893"
"0","0"
"0.2330000400543213","0.20945025980472565"
"0","0"
"0","0"
"0","0"
"0","0"
"0","0"
"2.739000082015991","1.318818211555481"
"0","0"
"0","0"
"25.546001434326172","3.278879165649414"
"0","0"
"0","0"
"0","0"
"0","0"
"0","0"
"0","0"
"0","0"
"0","0"
"0","0"
"0","0"
"0","0"
"0","0"
"0","0"
"0","0"
"0","0"
"0","0"
"0","0"
"0","0"
"0","0"
"0","0"
"0","0"
"0","0"
"0","0"
"0","0"
"0","0"
"157.30902099609375","5.064548969268799"
"39.81299591064453","3.709000587463379"
"0","0"
"0","0"
"0","0"
"0","0"
"0","0"
"0","0"
"122.73898315429688","4.818174362182617"
"163.95501708984375","5.105672836303711"
"240.8710479736328","5.488404750823975"
"0","0"
"0","0"
"0","0"
"0","0"
"0","0"
"0","0"
"0","0"
"0","0"
"0","0"
"0","0"
"0","0"
"0","0"
"9.077999114990234","2.310354709625244"
"0","0"
"0","0"
"0","0"
"0","0"
"0","0"
"0","0"
"0","0"
"25.60700225830078","3.281174421310425"
"8.535999298095703","2.2550740242004395"
"35.62999725341797","3.600867509841919"
"0","0"
"0","0"
"0","0"
"0","0"
"0","0"
"0","0"
"0","0"
"0","0"
"0","0"
"0","0"
"0","0"
"0","0"
"0","0"
"0","0"
"0","0"
"0","0"
"1.7919996976852417","1.026758074760437"
"7.940999507904053","2.1906473636627197"
"356.2599792480469","5.8784637451171875"
"0","0"
"0","0"
"0","0"
"0","0"
"0","0"
"0","0"
"0","0"
"107.96499633789062","4.69102668762207"
"0","0"
"0","0"
"0","0"
"0","0"
"0","0"
"0","0"
"0","0"
"0","0"
"0","0"
"0","0"
"0","0"
"0","0"
"0","0"
"0","0"
"0","0"
"0","0"
"0","0"
"0","0"
"0","0"
"0","0"
"0","0"
"0","0"
"0","0"
"0","0"
"0","0"
"0","0"
"0","0"
"0","0"
"0","0"
"0","0"
"0","0"
"0","0"
"0","0"
"0","0"
"0","0"
"0","0"
"0","0"
"0","0"
"0","0"
"0","0"
"0","0"
"0","0"
"0","0"
"0","0"
"0","0"
"0","0"
"0","0"
"0","0"
"0","0"
"0","0"
"0","0"
"0","0"
"0","0"
"0","0"
"0","0"
"0","0"
"0","0"
"0","0"
"0","0"
"0","0"
"0","0"
"0","0"
"0","0"
"0","0"
"0","0"
"0","0"
"0","0"
"0","0"
"0","0"
"0","0"
"0","0"
"0","0"
"0","0"
"0","0"
"0","0"
"0","0"
"0","0"
"0","0"
"0","0"
"0.7249999046325684","0.5452269911766052"
"50.310997009277344","3.9379050731658936"
"0","0"
"0","0"
"0","0"
"0","0"
"0","0"
"0","0"
"0","0"
"0","0"
"0","0"
"0","0"
"31.119003295898438","3.4694478511810303"
"0","0"
"0","0"
"1.363999843597412","0.860355019569397"
"7.24199914932251","2.1092429161071777"
"0","0"
"0","0"
"0","0"
"0","0"
"0","0"
"0","0"
"0","0"
"0","0"
"0","0"
"0","0"
"0","0"
"0","0"
"0","0"
"0","0"
"0","0"
"0","0"
"0","0"
"0","0"
"0","0"
"0.1640000343322754","0.15186238288879395"
"0","0"
"0","0"
"0","0"
"0","0"
"0","0"
"0","0"
"0","0"
"0","0"
"82.60099792480469","4.426055431365967"
"107.07599639892578","4.682834625244141"
"0","0"
"0","0"
"0","0"
"0","0"
"0","0"
"0","0"
"0","0"
"0","0"
"0","0"
"0","0"
"0","0"
"0","0"
"0","0"
"0","0"
"0","0"
"0","0"
"0","0"
"0","0"
"0","0"
"0","0"
"0","0"
"0","0"
"0","0"
"0","0"
"0","0"
"0","0"
"0","0"
"0","0"
"0","0"
"0","0"
"0","0"
"0","0"
"0","0"
"0","0"
"0","0"
"0","0"
"83.59101867675781","4.437828063964844"
"0","0"
"0","0"
"0","0"
"0","0"
"0","0"
"0","0"
"0","0"
"0","0"
"6.636999130249023","2.0330047607421875"
"4.060999870300293","1.6215640306472778"
"0","0"
"0","0"
"0","0"
"0","0"
"0","0"
"11.446000099182129","2.5213992595672607"
"0","0"
"0","0"
"0","0"
"0","0"
"0","0"
"0","0"
"0","0"
"0","0"
"2.2799999713897705","1.1878434419631958"
"0","0"
"5.022000312805176","1.795419454574585"
"0","0"
"0","0"
"0","0"
"0","0"
"0","0"
"0","0"
"165.4030303955078","5.114412784576416"
"0","0"
"0","0"
"0","0"
"0","0"
"0","0"
"0","0"
"0","0"
"0","0"
"0","0"
"0","0"
"0","0"
"0","0"
"0","0"
"0","0"
"0","0"
"0","0"
"0","0"
"0","0"
"0","0"
"0","0"
"0","0"
"0","0"
"0","0"
"0","0"
"0","0"
"0","0"
"7.680999279022217","2.1611366271972656"
"0","0"
"0","0"
"0","0"
"0","0"
"0","0"
"0","0"
"0","0"
"14.021000862121582","2.709449291229248"
"8.850000381469727","2.2874715328216553"
"0","0"
"0","0"
"0","0"
"0","0"
"0","0"
"0","0"
"0","0"
"98.90802001953125","4.604249954223633"
"0","0"
"0","0"
"0","0"
"0","0"
"0","0"
"0","0"
"0","0"
"0","0"
"0","0"
"0","0"
"0","0"
"0","0"
"0","0"
"0","0"
"0","0"
"0","0"
"0","0"
"0","0"
"0","0"
"0","0"
"0","0"
"0","0"
"0","0"
"0","0"
"0","0"
"0","0"
"0","0"
"0","0"
"0","0"
"0","0"
"0","0"
"0","0"
"0","0"
"0","0"
"0","0"
"254.3689422607422","5.5427093505859375"
"0","0"
"0","0"
"0","0"
"0","0"
"4.802999973297119","1.7583750486373901"
"279.9559631347656","5.638197898864746"
"0","0"
"0","0"
"0","0"
"0","0"
"0","0"
"0","0"
"0","0"
"351.91192626953125","5.866218566894531"
"0","0"
"0","0"
"0","0"
"0","0"
"0","0"
"0","0"
"0","0"
"6.7519989013671875","2.0479507446289062"
"0","0"
"0","0"
"0","0"
"0","0"
"0","0"
"0","0"
"0","0"
"0","0"
"0","0"
"11.263998985290527","2.5066680908203125"
"0","0"
"0","0"
"0","0"
"0","0"
"0","0"
"0","0"
"0","0"
"0","0"
"0","0"
"0","0"
"0","0"
"0","0"
"0","0"
"0","0"
"0","0"
"116.6820297241211","4.767986297607422"
"0","0"
"0","0"
"0","0"
"0","0"
"0","0"
"0","0"
"0","0"
"0","0"
"0","0"
"0","0"
"0","0"
"0","0"
"0","0"
"0","0"
"0","0"
"0","0"
"0","0"
"0","0"
"0","0"
"0","0"
"0","0"
"0","0"
"0","0"
"0","0"
"0","0"
"1.569000005722046","0.943516731262207"
"0","0"
"0","0"
"0","0"
"0","0"
"0","0"
"0","0"
"0","0"
"0","0"
"0.3339998722076416","0.2881818413734436"
"0","0"
"0","0"
"0","0"
"0","0"
"0","0"
"0","0"
"0","0"
"0","0"
"0","0"
"80.72097778320312","4.403310775756836"
"0","0"
"32.35599899291992","3.507237672805786"
"0","0"
"0","0"
"130.61097717285156","4.879850387573242"
"0","0"
"0","0"
"0","0"
"0","0"
"0","0"
"0","0"
"0","0"
"0","0"
"0","0"
"0","0"
"0","0"
"0","0"
"0","0"
"0","0"
"0","0"
"0","0"
"0","0"
"0","0"
"0","0"
"0","0"
"0","0"
"0","0"
"0","0"
"0","0"
"0","0"
"0","0"
"0","0"
"0","0"
"0","0"
"0","0"
"0","0"
"0","0"
"0","0"
"11.201001167297363","2.5015180110931396"
"0","0"
"0","0"
"0","0"
"0","0"
"0","0"
"0","0"
"0","0"
"0","0"
"0","0"
"0","0"
"0","0"
"0","0"
"0","0"
"78.3689956665039","4.374107837677002"
"44.78999710083008","3.824065685272217"
"19.20599937438965","3.005979537963867"
"0","0"
"0","0"
"1877.9140625","7.538449287414551"
"0","0"
"0","0"
"0","0"
"0","0"
"0","0"
"0","0"
"2.975999593734741","1.3802762031555176"
"0","0"
"0","0"
"0","0"
"0","0"
"0","0"
"0","0"
"0","0"
"0","0"
"0","0"
"0","0"
"0","0"
"0","0"
"0","0"
"0","0"
"0","0"
"0","0"
"0","0"
"0","0"
"0","0"
"0","0"
"0","0"
"0","0"
"0","0"
"0","0"
"0","0"
"0","0"
"0","0"
"0","0"
"0","0"
"0","0"
"0","0"
"1.768999695777893","1.0184861421585083"
"0","0"
"0","0"
"0","0"
"0","0"
"0","0"
"0","0"
"0","0"
"0","0"
"0","0"
"0","0"
"0","0"
"0","0"
"0","0"
"0","0"
"0","0"
"0","0"
"0","0"
"0","0"
"0","0"
"0","0"
"0","0"
"0","0"
"0","0"
"0","0"
"0","0"
"0","0"
"0","0"
"0","0"
"1.7359997034072876","1.0064969062805176"
"0","0"
"0","0"
"0","0"
"0","0"
"0","0"
"0","0"
"0","0"
"0","0"
"266.73297119140625","5.589990139007568"
"0","0"
"0","0"
"0","0"
"0","0"
"0","0"
"0","0"
"0","0"
"41.09099578857422","3.7398338317871094"
"0","0"
"0","0"
"0","0"
"0","0"
"0","0"
"0","0"
"0","0"
"0","0"
"174.8719940185547","5.1697564125061035"
"23.291000366210938","3.19010591506958"
"0","0"
"0","0"
"0","0"
"0","0"
"0","0"
"16.536998748779297","2.8643128871917725"
"8.856000900268555","2.2880804538726807"
"0","0"
"0","0"
"0","0"
"0","0"
"0","0"
"0","0"
"0","0"
"57.76698684692383","4.073580265045166"
"0","0"
"0","0"
"0","0"
"0","0"
"0","0"
"0","0"
"0","0"
"0","0"
"0","0"
"0","0"
"5.716000080108643","1.904492735862732"
"0","0"
"0","0"
"0","0"
"0","0"
"0","0"
"0","0"
"0","0"
"0","0"
"0","0"
"0","0"
"0","0"
"0","0"
"0","0"
"0","0"
"0","0"
"0","0"
"0","0"
"0","0"
"0","0"
"0","0"
"0","0"
"14.619998931884766","2.748552083969116"
"4.636000156402588","1.7291746139526367"
"0","0"
"0","0"
"0","0"
"0","0"
"0","0"
"0","0"
"3.63700008392334","1.5340676307678223"
"0","0"
"0","0"
"0","0"
"0","0"
"0","0"
"0","0"
"0","0"
"0","0"
"0","0"
"0","0"
"0","0"
"0","0"
"0","0"
"0","0"
"0","0"
"0","0"
"0","0"
"0","0"
"0","0"
"0","0"
"0","0"
"0","0"
"0","0"
"0","0"
"72.90201568603516","4.302740097045898"
"0","0"
"0","0"
"0","0"
"0","0"
"0","0"
"0","0"
"0","0"
"0","0"
"0","0"
"0","0"
"0","0"
"0","0"
"0","0"
"0","0"
"464.6199035644531","6.143369674682617"
"0","0"
"0","0"
"0","0"
"0","0"
"0","0"
"0","0"
"0","0"
"0","0"
"0","0"
"0","0"
"0","0"
"77.80400848388672","4.366963863372803"
"0","0"
"0","0"
"0","0"
"0","0"
"0","0"
"0","0"
"0","0"
"0","0"
"0","0"
"0","0"
"0","0"
"0","0"
"0","0"
"0","0"
"0","0"
"0","0"
"0","0"
"0","0"
"0","0"
"0","0"
"0","0"
"0","0"
"0","0"
"0","0"
"0","0"
"0","0"
"0","0"
"0","0"
"0","0"
"0","0"
"0","0"
"0","0"
"0","0"
"0","0"
"0","0"
"0","0"
"0","0"
"0","0"
"0","0"
"0","0"
"0","0"
"0","0"
"0","0"
"0","0"
"0","0"
"0","0"
"0","0"
"57.271995544433594","4.065121650695801"
"0","0"
"0","0"
"0","0"
"0","0"
"0","0"
"0","0"
"0","0"
"0","0"
"0","0"
"0","0"
"0","0"
"0","0"
"0","0"
"0","0"
"0","0"
"0","0"
"0","0"
"406.552978515625","6.010170936584473"
"0","0"
"0","0"
"0","0"
"0","0"
"0","0"
"0","0"
"0","0"
"0","0"
"32.19700241088867","3.5024595260620117"
"0.5099999904632568","0.4121096432209015"
"2.2239999771118164","1.1706228256225586"
"0","0"
"0","0"
"0","0"
"0","0"
"0","0"
"1","0.6931471824645996"
"0","0"
"0","0"
"0","0"
"0","0"
"0","0"
"0","0"
"0","0"
"0","0"
"0","0"
"0","0"
"0","0"
"0","0"
"0","0"
"0","0"
"513.2900390625","6.2427873611450195"
"0","0"
"0","0"
"0","0"
"0","0"
"0","0"
"0","0"
"0","0"
"0","0"
"0","0"
"0","0"
"0","0"
"0","0"
"0","0"
"0","0"
"0","0"
"0","0"
"0","0"
"0","0"
"0","0"
"0","0"
"0","0"
"0","0"
"0","0"
"0","0"
"0","0"
"0","0"
"0","0"
"0","0"
"0","0"
"0","0"
"0","0"
"0","0"
"0","0"
"0","0"
"0","0"
"0","0"
"0","0"
"0","0"
"0","0"
"0","0"
"0","0"
"0","0"
"0","0"
"0","0"
"0","0"
"1.313999891281128","0.838977575302124"
"0","0"
"0","0"
"2.746000051498413","1.3206886053085327"
"0","0"
"0","0"
"0","0"
"0","0"
"0","0"
"0","0"
"0","0"
"27.71700096130371","3.3574893474578857"
"0","0"
"0","0"
"0","0"
"0","0"
"0","0"
"0","0"
"0","0"
"0","0"
"0","0"
"0","0"
"0","0"
"0","0"
"0","0"
"0","0"
"0","0"
"0","0"
"0","0"
"0","0"
"0","0"
"0","0"
"0","0"
"0","0"
"0","0"
"0","0"
"0","0"
"0","0"
"4.171999931335449","1.6432594060897827"
"0","0"
"0","0"
"0","0"
"0","0"
"0","0"
"0","0"
"0","0"
"0","0"
"0","0"
"0","0"
"0","0"
"0","0"
"0","0"
"0","0"
"0","0"
"7.6660003662109375","2.159407377243042"
"0","0"
"0","0"
"0","0"
"0","0"
"0","0"
"0","0"
"31.604997634887695","3.4844655990600586"
"0","0"
"0","0"
"0","0"
"0","0"
"0","0"
"0","0"
"0","0"
"0","0"
"0","0"
"0","0"
"0","0"
"0","0"
"0","0"
"0","0"
"7.258000373840332","2.111182451248169"
"0","0"
"0","0"
"0","0"
"0","0"
"0","0"
"0","0"
"0","0"
"0","0"
"0.7159998416900635","0.5399959087371826"
"0.26600003242492676","0.2358623445034027"
"0.013000011444091797","0.01291623618453741"
"0","0"
"0","0"
"0","0"
"0","0"
"0","0"
"0","0"
"17.548999786376953","2.9204158782958984"
"0","0"
"0","0"
"0","0"
"0","0"
"0","0"
"0","0"
"0","0"
"0","0"
"0","0"
"0","0"
"0","0"
"0","0"
"0","0"
"0","0"
"0","0"
"0","0"
"0","0"
"0","0"
"0","0"
"0","0"
"0","0"
"0","0"
"0","0"
"0","0"
"0","0"
"0","0"
"0","0"
"0","0"
"0","0"
"0","0"
"0","0"
"0","0"
"0","0"
"0","0"
"0","0"
"0","0"
"56.22200012207031","4.046938419342041"
"0","0"
"0","0"
"0","0"
"0","0"
"0","0"
"0","0"
"0","0"
"0","0"
"0","0"
"0","0"
"0","0"
"0","0"
"0","0"
"5.349000453948975","1.848297357559204"
"0","0"
"0","0"
"0","0"
"0","0"
"0","0"
"0","0"
"0","0"
"0","0"
"9145.0859375","9.121081352233887"
"0","0"
"0","0"
"0","0"
"0","0"
"0","0"
"0","0"
"0","0"
"0","0"
"0","0"
"0","0"
"0","0"
"0","0"
"0","0"
"0","0"
"0","0"
"0","0"
"0","0"
"0","0"
"0","0"
"0","0"
"0","0"
"0","0"
"0.31799986958503723","0.2761153280735016"
"0","0"
"0","0"
"0","0"
"0","0"
"0","0"
"0","0"
"0","0"
"0","0"
"0","0"
"0","0"
"0","0"
"0","0"
"0","0"
"0","0"
"0","0"
"0","0"
"0","0"
"0","0"
"0","0"
"0","0"
"0","0"
"0","0"
"0","0"
"0","0"
"28.11899757385254","3.3713908195495605"
"0","0"
"0","0"
"0","0"
"0","0"
"0","0"
"0","0"
"0","0"
"0","0"
"0","0"
"0","0"
"0","0"
"0","0"
"0","0"
"0","0"
"0","0"
"0","0"
"0","0"
"0","0"
"0","0"
"0","0"
"0","0"
"0","0"
"0","0"
"0","0"
"0","0"
"0","0"
"0","0"
"880.863037109375","6.782036781311035"
"0","0"
"0","0"
"0","0"
"40.03900146484375","3.7145228385925293"
"0","0"
"0","0"
"0","0"
"0","0"
"0","0"
"0","0"
"0","0"
"0","0"
"0","0"
"0","0"
"0","0"
"0","0"
"0","0"
"0","0"
"0","0"
"0","0"
"0","0"
"0","0"
"0","0"
"0","0"
"0","0"
"0","0"
"0","0"
"0","0"
"0","0"
"1.0850000381469727","0.7347688674926758"
"0","0"
"0","0"
"0","0"
"2.813999891281128","1.3386784791946411"
"0","0"
"0","0"
"0","0"
"0","0"
"0","0"
"0","0"
"0","0"
"0","0"
"0","0"
"0","0"
"0","0"
"0","0"
"0","0"
"0","0"
"0","0"
"0","0"
"0","0"
"0","0"
"0","0"
"0","0"
"0","0"
"0","0"
"3122.731201171875","8.046783447265625"
"294.0720520019531","5.687219619750977"
"0","0"
"0","0"
"0","0"
"0","0"
"0","0"
"0","0"
"0","0"
"0","0"
"0","0"
"0","0"
"0","0"
"0","0"
"0","0"
"0","0"
"33.108001708984375","3.529531955718994"
"0","0"
"36.520999908447266","3.6249008178710938"
"0","0"
"0","0"
"0","0"
"0","0"
"0","0"
"0","0"
"0","0"
"0","0"
"0","0"
"0","0"
"0","0"
"0","0"
"3.9679999351501465","1.6030173301696777"
"0","0"
"7.0370001792907715","2.0840559005737305"
"0","0"
"0","0"
"0","0"
"0","0"
"0","0"
"0","0"
"2.619999885559082","1.2864739894866943"
"0","0"
"0","0"
"0","0"
"0","0"
"0","0"
"0","0"
"0","0"
"0","0"
"0","0"
"0","0"
"0","0"
"0","0"
"0","0"
"0","0"
"0","0"
"0","0"
"0","0"
"0","0"
"0","0"
"0","0"
"0","0"
"0","0"
"0","0"
"0","0"
"0","0"
"0","0"
"0","0"
"0","0"
"0","0"
"0","0"
"0","0"
"0","0"
"0","0"
"0","0"
"0","0"
"0","0"
"0","0"
"0","0"
"0","0"
"0","0"
"0","0"
"0","0"
"0","0"
"0","0"
"0","0"
"0","0"
"0","0"
"0","0"
"0","0"
"0","0"
"0","0"
"0","0"
"0","0"
"0","0"
"0","0"
"0","0"
"0","0"
"0","0"
"0","0"
"0","0"
"0","0"
"0","0"
"0","0"
"0","0"
"0","0"
"0","0"
"0","0"
"0","0"
"0","0"
"0","0"
"0","0"
"0","0"
"0","0"
"0","0"
"0","0"
"0","0"
"0","0"
"0","0"
"0","0"
"10.296000480651855","2.4244487285614014"
"0","0"
"0","0"
"0","0"
"0","0"
"7.608000755310059","2.1526920795440674"
"0","0"
"0","0"
"0","0"
"0","0"
"0","0"
"0","0"
"0","0"
"0","0"
"0","0"
"0","0"
"0","0"
"0","0"
"8.308000564575195","2.2308743000030518"
"0","0"
"0","0"
"0","0"
"0","0"
"0","0"
"0","0"
"0","0"
"0","0"
"0","0"
"0","0"
"0","0"
"0","0"
"0","0"
"0","0"
"0","0"
"72.10301971435547","4.291869640350342"
"0","0"
"0","0"
"0","0"
"0","0"
"0","0"
"0","0"
"0","0"
"0.804999828338623","0.5905604958534241"
"0","0"
"33.18899917602539","3.5319039821624756"
"55.067989349365234","4.026565074920654"
"0","0"
"0","0"
"0","0"
"6.128999710083008","1.9641709327697754"
"0","0"
"0","0"
"0","0"
"0","0"
"0","0"
"0","0"
"0","0"
"0","0"
"0","0"
"0","0"
"0","0"
"0","0"
"0","0"
"13.540998458862305","2.6769721508026123"
"0","0"
"0","0"
"0","0"
"0","0"
"0","0"
"250.11399841308594","5.525907039642334"
"0","0"
"0","0"
"0","0"
"0","0"
"0","0"
"0","0"
"0","0"
"0","0"
"0","0"
"0","0"
"0","0"
"0","0"
"0","0"
"4.564000129699707","1.7163172960281372"
"0","0"
"0","0"
"0","0"
"0","0"
"0","0"
"0","0"
"0","0"
"0","0"
"0","0"
"0","0"
"0","0"
"0","0"
"0","0"
"0","0"
"0","0"
"0","0"
"0","0"
"0","0"
"0","0"
"0","0"
"0","0"
"0","0"
"0","0"
"0","0"
"0","0"
"0","0"
"0","0"
"0","0"
"0","0"
"0","0"
"0","0"
"0","0"
"0","0"
"0","0"
"0","0"
"0","0"
"0","0"
"0","0"
"0","0"
"0","0"
"0","0"
"0","0"
"0","0"
"0","0"
"0","0"
"0","0"
"0","0"
"0","0"
"0","0"
"0","0"
"0","0"
"0","0"
"0","0"
"0","0"
"18.11400032043457","2.950421094894409"
"10.034000396728516","2.4009814262390137"
"0","0"
"0","0"
"0","0"
"0","0"
"0","0"
"0","0"
"0","0"
"0","0"
"0","0"
"0","0"
"0","0"
"0","0"
"0","0"
"0","0"
"0","0"
"0","0"
"0","0"
"0","0"
"0","0"
"0","0"
"0","0"
"0","0"
"0","0"
"0","0"
"0","0"
"0","0"
"0","0"
"0","0"
"0","0"
"0","0"
"0","0"
"0","0"
"0","0"
"0","0"
"0","0"
"0","0"
"0","0"
"0","0"
"0","0"
"0","0"
"0","0"
"0","0"
"0","0"
"0","0"
"0","0"
"151.24102783203125","5.02546501159668"
"0","0"
"0","0"
"0","0"
"0","0"
"0","0"
"0","0"
"0","0"
"0","0"
"0","0"
"0","0"
"0","0"
"0","0"
"0","0"
"0","0"
"0","0"
"0","0"
"0","0"
"0","0"
"0","0"
"0","0"
"11.664999008178711","2.53884220123291"
"0","0"
"0","0"
"0","0"
"0","0"
"0","0"
"0","0"
"0","0"
"0","0"
"0","0"
"0","0"
"0","0"
"0","0"
"0","0"
"0","0"
"0","0"
"0","0"
"0","0"
"0","0"
"0","0"
"0","0"
"0","0"
"0","0"
"0","0"
"0","0"
"0","0"
"0","0"
"0","0"
"0","0"
"0","0"
"16.998001098632812","2.890260696411133"
"2.6489999294281006","1.2944531440734863"
"0","0"
"0","0"
"0","0"
"0","0"
"0","0"
"0","0"
"0","0"
"0","0"
"0","0"
"0","0"
"0","0"
"0","0"
"0","0"
"0","0"
"0","0"
"0","0"
"0","0"
"0","0"
"0","0"
"0","0"
"0","0"
"0","0"
"0","0"
"0","0"
"0","0"
"0","0"
"0","0"
"0","0"
"0","0"
"20.3179988861084","3.05955171585083"
"0","0"
"3143.4052734375","8.053380012512207"
"0","0"
"0","0"
"0","0"
"0","0"
"0","0"
"0","0"
"0","0"
"0","0"
"0","0"
"0","0"
"0","0"
"0","0"
"0","0"
"0","0"
"0","0"
"15.406999588012695","2.797708034515381"
"0","0"
"0","0"
"22.139001846313477","3.141519546508789"
"0","0"
"0","0"
"14.139999389648438","2.7173402309417725"
"0","0"
"0","0"
"0","0"
"0","0"
"0","0"
"0","0"
"0","0"
"0","0"
"0","0"
"0","0"
"0","0"
"0","0"
"0","0"
"0","0"
"0","0"
"0","0"
"0","0"
"0","0"
"0","0"
"0","0"
"0","0"
"0","0"
"0","0"
"0","0"
"9.267000198364258","2.328934907913208"
"0","0"
"0","0"
"0","0"
"0","0"
"0","0"
"141.3930206298828","4.958590984344482"
"74.00301361083984","4.317528247833252"
"0","0"
"24.988996505737305","3.2576732635498047"
"38.8900032043457","3.6861257553100586"
"0","0"
"0","0"
"0","0"
"0","0"
"0","0"
"0","0"
"0","0"
"0","0"
"0","0"
"0","0"
"0","0"
"0","0"
"0","0"
"0","0"
"0","0"
"0","0"
"0","0"
"0","0"
"31.626996994018555","3.485140085220337"
"0","0"
"0","0"
"0","0"
"0","0"
"0","0"
"0","0"
"0","0"
"520.06787109375","6.255880355834961"
"20.48999786376953","3.0675876140594482"
"0","0"
"0","0"
"0","0"
"0","0"
"0","0"
"0","0"
"0","0"
"0","0"
"0","0"
"0","0"
"0","0"
"0","0"
"0","0"
"0","0"
"0","0"
"0","0"
"0","0"
"0","0"
"0","0"
"0","0"
"0","0"
"0","0"
"0","0"
"0","0"
"0","0"
"0","0"
"0","0"
"0","0"
"0","0"
"0","0"
"0","0"
"0","0"
"0","0"
"0","0"
"0","0"
"0","0"
"0","0"
"0","0"
"0","0"
"0","0"
"0","0"
"0","0"
"0","0"
"0","0"
"0","0"
"0","0"
"0","0"
"0","0"
"0","0"
"0","0"
"53.35099411010742","3.9954628944396973"
"0","0"
"0","0"
"0","0"
"0","0"
"0","0"
"0","0"
"0","0"
"0","0"
"0","0"
"0","0"
"0","0"
"0","0"
"0","0"
"0","0"
"0","0"
"677.6201171875","6.520061492919922"
"0","0"
"0","0"
"0","0"
"0","0"
"0","0"
"0","0"
"0","0"
"0","0"
"3.9769999980926514","1.6048272848129272"
"10.225998878479004","2.4182324409484863"
"0","0"
"0","0"
"0","0"
"0","0"
"1.1999998092651367","0.7884572744369507"
"167.93003845214844","5.1294846534729"
"0","0"
"0","0"
"0","0"
"0","0"
"0","0"
"0","0"
"18.088001251220703","2.9490599632263184"
"0","0"
"0","0"
"0","0"
"0","0"
"0","0"
"0","0"
"0","0"
"0","0"
"9.63399887084961","2.364056348800659"
"0","0"
"0","0"
"0","0"
"0","0"
"0","0"
"0","0"
"0","0"
"0","0"
"0","0"
"0","0"
"0","0"
"0","0"
"0","0"
"0","0"
"0","0"
"0","0"
"0","0"
"0","0"
"0","0"
"0","0"
"0","0"
"0","0"
"0","0"
"0","0"
"0","0"
"0","0"
"0","0"
"0","0"
"0","0"
"0","0"
"0","0"
"0","0"
"0","0"
"0","0"
"0","0"
"0","0"
"0","0"
"0","0"
"0","0"
"0","0"
"0","0"
"4.97599983215332","1.7877514362335205"
"185.77098083496094","5.229883193969727"
"0","0"
"0","0"
"0","0"
"0","0"
"0","0"
"0","0"
"0","0"
"0","0"
"8.836000442504883","2.2860491275787354"
"0","0"
"0","0"
"0","0"
"0","0"
"0","0"
"0","0"
"17.381000518798828","2.9113175868988037"
"0","0"
"0","0"
"0","0"
"0","0"
"0","0"
"0","0"
"0","0"
"0","0"
"0","0"
"0","0"
"0","0"
"0","0"
"0","0"
"0","0"
"0","0"
"0","0"
"0","0"
"0","0"
"0","0"
"0","0"
"0","0"
"0","0"
"0","0"
"0","0"
"0","0"
"0","0"
"20.196001052856445","3.0538125038146973"
"0","0"
"0","0"
"0","0"
"0","0"
"0","0"
"0","0"
"0","0"
"0","0"
"0","0"
"0","0"
"0","0"
"0","0"
"0","0"
"0","0"
"0","0"
"0","0"
"0","0"
"0","0"
"0","0"
"0","0"
"0","0"
"714.8028564453125","6.573404788970947"
"0","0"
"0","0"
"0","0"
"0","0"
"0","0"
"0","0"
"0","0"
"0","0"
"0.2949998378753662","0.258510559797287"
"3.319000005722046","1.4630239009857178"
"0","0"
"0","0"
"0","0"
"0","0"
"0","0"
"0","0"
"0","0"
"0","0"
"28.80999755859375","3.394843816757202"
"0","0"
"3.9210002422332764","1.5935118198394775"
"0","0"
"0","0"
"0","0"
"0","0"
"0","0"
"0","0"
"0","0"
"0","0"
"0","0"
"0","0"
"0.8029999136924744","0.5894519090652466"
"0","0"
"0","0"
"0","0"
"0","0"
"0","0"
"0","0"
"0","0"
"0","0"
"0","0"
"0","0"
"0","0"
"0","0"
"0","0"
"0","0"
"0","0"
"7.131999492645264","2.095806837081909"
"0","0"
"0","0"
"0","0"
"0","0"
"0","0"
"0","0"
"0","0"
"0","0"
"0","0"
"0","0"
"0","0"
"0","0"
"0","0"
"0","0"
"0","0"
"0","0"
"0","0"
"0","0"
"0","0"
"17.441001892089844","2.914576530456543"
"0","0"
"0","0"
"0","0"
"0","0"
"0","0"
"0","0"
"0","0"
"0","0"
"0","0"
"0","0"
"0","0"
"0","0"
"0","0"
"0","0"
"0","0"
"0","0"
"0","0"
"0","0"
"0","0"
"0","0"
"13.634001731872559","2.683347702026367"
"0","0"
"0","0"
"0","0"
"0","0"
"0","0"
"0","0"
"0","0"
"0","0"
"0","0"
"0","0"
"0","0"
"0","0"
"0","0"
"0","0"
"0","0"
"0","0"
"0","0"
"0","0"
"0","0"
"0","0"
"0","0"
"0","0"
"0","0"
"0","0"
"0","0"
"10.041000366210938","2.401615619659424"
"59.1300048828125","4.096508979797363"
"0","0"
"0","0"
"0","0"
"0","0"
"0","0"
"0","0"
"0","0"
"0","0"
"0","0"
"0","0"
"0","0"
"0","0"
"0","0"
"0","0"
"0","0"
"0","0"
"0","0"
"0","0"
"0","0"
"0","0"
"0","0"
"0","0"
"0","0"
"0","0"
"0","0"
"0","0"
"0","0"
"0","0"
"0","0"
"0","0"
"0","0"
"0","0"
"0","0"
"0","0"
"0","0"
"0","0"
"0","0"
"0","0"
"0","0"
"0","0"
"0","0"
"0","0"
"0","0"
"0","0"
"0","0"
"0","0"
"0","0"
"22.658998489379883","3.163743495941162"
"41.862998962402344","3.7580089569091797"
"9.195000648498535","2.321897506713867"
"0","0"
"0","0"
"30.086000442504883","3.4367575645446777"
"8.920999526977539","2.2946536540985107"
"0","0"
"0","0"
"0.4999999701976776","0.40546509623527527"
"915.8599853515625","6.8209547996521"
"0","0"
"0","0"
"0","0"
"0","0"
"0","0"
"0","0"
"0","0"
"0","0"
"232.24998474121094","5.452110767364502"
"0","0"
"0","0"
"0","0"
"41.75399398803711","3.755462646484375"
"0","0"
"16.062999725341797","2.8369123935699463"
"0","0"
"0","0"
"0","0"
"0","0"
"0","0"
"0","0"
"0","0"
"0","0"
"0","0"
"0","0"
"0","0"
"0","0"
"0","0"
"204.88597106933594","5.327322483062744"
"0","0"
"0","0"
"0","0"
"0","0"
"63.617984771728516","4.168492794036865"
"0","0"
"0","0"
"0","0"
"0","0"
"0","0"
"0","0"
"0","0"
"0","0"
"78.9529800415039","4.381438732147217"
"0","0"
"0","0"
"0","0"
"0","0"
"0","0"
"0","0"
"0","0"
"0","0"
"0","0"
"3.988999605178833","1.6072354316711426"
"0","0"
"0","0"
"0","0"
"0","0"
"0","0"
"0","0"
"0","0"
"0","0"
"0","0"
"0","0"
"0","0"
"0","0"
"0","0"
"0","0"
"0","0"
"0","0"
"35.547996520996094","3.5986263751983643"
"0","0"
"0","0"
"0","0"
"0","0"
"0","0"
"0","0"
"0","0"
"0","0"
"0","0"
"0","0"
"0","0"
"0","0"
"0","0"
"0","0"
"0","0"
"0","0"
"0","0"
"0","0"
"0","0"
"0","0"
"0","0"
"0","0"
"9.48499870300293","2.349945545196533"
"0","0"
"0","0"
"0","0"
"0","0"
"0","0"
"0","0"
"0","0"
"0","0"
"0","0"
"0","0"
"0","0"
"0","0"
"0","0"
"0","0"
"0","0"
"0","0"
"0","0"
"0","0"
"0","0"
"0","0"
"0","0"
"0","0"
"0","0"
"0","0"
"2.932999610900879","1.3694024085998535"
"0","0"
"0","0"
"0","0"
"0","0"
"0","0"
"0","0"
"0","0"
"0","0"
"0","0"
"0","0"
"0","0"
"0","0"
"0","0"
"0","0"
"0","0"
"0","0"
"188.95697021484375","5.246797561645508"
"0","0"
"0","0"
"0","0"
"0","0"
"0","0"
"0","0"
"0","0"
"0","0"
"0","0"
"0","0"
"0","0"
"0","0"
"0","0"
"0","0"
"0","0"
"0","0"
"0","0"
"0","0"
"0","0"
"0","0"
"0","0"
"0","0"
"0","0"
"0","0"
"0","0"
"0","0"
"0","0"
"0","0"
"0","0"
"0","0"
"0","0"
"0","0"
"0","0"
"0","0"
"18.079998016357422","2.9486405849456787"
"0","0"
"0","0"
"0","0"
"0","0"
"0","0"
"0","0"
"0","0"
"0","0"
"0","0"
"0","0"
"0","0"
"0","0"
"0","0"
"1.7629998922348022","1.0163170099258423"
"0","0"
"0","0"
"0","0"
"0","0"
"0","0"
"0","0"
"0","0"
"0","0"
"0","0"
"0","0"
"0","0"
"0","0"
"0","0"
"0","0"
"0","0"
"0","0"
"0","0"
"0","0"
"0","0"
"0","0"
"0","0"
"0","0"
"0","0"
"0","0"
"0","0"
"0","0"
"0","0"
"0","0"
"0","0"
"0","0"
"0","0"
"0","0"
"0","0"
"0","0"
"0","0"
"4","1.6094379425048828"
"0","0"
"0","0"
"0","0"
"0","0"
"0","0"
"0","0"
"0","0"
"0","0"
"0","0"
"0","0"
"0","0"
"0","0"
"0","0"
"0","0"
"0","0"
"0","0"
"0","0"
"0","0"
"0","0"
"0","0"
"0","0"
"3.135999917984009","1.4197291135787964"
"0","0"
"0","0"
"0","0"
"0","0"
"0","0"
"0","0"
"0","0"
"0","0"
"0","0"
"0","0"
"0","0"
"0","0"
"0","0"
"0","0"
"0","0"
"0","0"
"0","0"
"0","0"
"0","0"
"0","0"
"0","0"
"0","0"
"0","0"
"169.53602600097656","5.138946533203125"
"105.01498413085938","4.663580417633057"
"42.74399948120117","3.7783544063568115"
"71.25299835205078","4.2801737785339355"
"0","0"
"0","0"
"0","0"
"0","0"
"0","0"
"0","0"
"0","0"
"0","0"
"0","0"
"0","0"
"0","0"
"1.613999843597412","0.9608815312385559"
"21.12799835205078","3.096843719482422"
"0","0"
"0","0"
"0","0"
"0","0"
"0","0"
"0","0"
"0","0"
"0","0"
"0","0"
"0","0"
"0","0"
"0","0"
"0","0"
"74.09899139404297","4.318807125091553"
"0","0"
"0","0"
"0","0"
"0","0"
"0","0"
"0","0"
"0","0"
"0","0"
"0","0"
"0","0"
"0","0"
"0","0"
"0","0"
"0","0"
"0","0"
"0","0"
"0","0"
"0","0"
"0","0"
"0","0"
"0","0"
"0","0"
"0","0"
"0","0"
"0","0"
"0","0"
"0","0"
"0","0"
"0","0"
"0","0"
"0","0"
"0","0"
"0","0"
"0","0"
"0","0"
"0","0"
"0","0"
"0","0"
"0","0"
"0","0"
"0","0"
"0","0"
"0","0"
"0","0"
"0","0"
"0","0"
"0","0"
"0","0"
"0","0"
"95.0400161743164","4.564764976501465"
"0","0"
"0","0"
"0","0"
"0","0"
"0","0"
"0","0"
"0","0"
"0","0"
"0","0"
"0","0"
"0","0"
"0","0"
"0","0"
"0","0"
"35.337005615234375","3.592836618423462"
"0","0"
"0","0"
"0","0"
"0","0"
"0","0"
"0","0"
"0","0"
"0","0"
"0","0"
"0","0"
"0","0"
"0","0"
"0","0"
"0","0"
"0","0"
"0","0"
"4.857999801635742","1.767808198928833"
"15.892000198364258","2.8268401622772217"
"0","0"
"0","0"
"0","0"
"0","0"
"0","0"
"0","0"
"0","0"
"0","0"
"0","0"
"0","0"
"0","0"
"0","0"
"0","0"
"329.8120422363281","5.801550388336182"
"0","0"
"0","0"
"0","0"
"0","0"
"0","0"
"0","0"
"0","0"
"0","0"
"0","0"
"0","0"
"0","0"
"0","0"
"0","0"
"0","0"
"0","0"
"0","0"
"0","0"
"0","0"
"0","0"
"0","0"
"0","0"
"0","0"
"0","0"
"0","0"
"0","0"
"0","0"
"0","0"
"0","0"
"0","0"
"0","0"
"0","0"
"0","0"
"0","0"
"0","0"
"0","0"
"0","0"
"0","0"
"0","0"
"0","0"
"0","0"
"0","0"
"0","0"
"0","0"
"0","0"
"0","0"
"0","0"
"0","0"
"0","0"
"0","0"
"0","0"
"0","0"
"0","0"
"0","0"
"0","0"
"0","0"
"0","0"
"0","0"
"0","0"
"0","0"
"0","0"
"0","0"
"0","0"
"0","0"
"0","0"
"0","0"
"0","0"
"0","0"
"2.4159996509552","1.2284702062606812"
"0","0"
"0","0"
"0","0"
"0","0"
"0","0"
"0","0"
"0","0"
"0","0"
"0","0"
"0","0"
"0","0"
"0","0"
"0","0"
"0","0"
"0","0"
"0","0"
"0","0"
"0","0"
"0","0"
"0","0"
"15.850998878479004","2.8244099617004395"
"0","0"
"70.96598815917969","4.276193618774414"
"0","0"
"0","0"
"0","0"
"0","0"
"0","0"
"0","0"
"0","0"
"0","0"
"0","0"
"0","0"
"0","0"
"0","0"
"0","0"
"0","0"
"0","0"
"0","0"
"0","0"
"0","0"
"0","0"
"0","0"
"0","0"
"0","0"
"0","0"
"0","0"
"0","0"
"0","0"
"0","0"
"0","0"
"0","0"
"0","0"
"0","0"
"0","0"
"0","0"
"0","0"
"0","0"
"0","0"
"1.8149998188018799","1.0349621772766113"
"0","0"
"0","0"
"0","0"
"0","0"
"0","0"
"0","0"
"0","0"
"0","0"
"0","0"
"0","0"
"0","0"
"0","0"
"0","0"
"0","0"
"0","0"
"0","0"
"54.847991943359375","4.0226335525512695"
"40.04899978637695","3.714766502380371"
"0","0"
"0","0"
"0","0"
"0","0"
"0","0"
"0","0"
"0","0"
"0","0"
"0","0"
"0","0"
"0","0"
"0","0"
"0","0"
"0","0"
"0","0"
"0","0"
"0","0"
"0","0"
"0","0"
"0","0"
"0","0"
"0","0"
"0","0"
"0","0"
"0","0"
"0","0"
"0","0"
"0","0"
"0","0"
"0","0"
"0","0"
"0","0"
"0","0"
"202.4980010986328","5.3156561851501465"
"0","0"
"0","0"
"0","0"
"0","0"
"0","0"
"0","0"
"0","0"
"0","0"
"0","0"
"0","0"
"0","0"
"0","0"
"0","0"
"0","0"
"0","0"
"0","0"
"0","0"
"0","0"
"0","0"
"0","0"
"0","0"
"0","0"
"0","0"
"0","0"
"0","0"
"0","0"
"0","0"
"0","0"
"0","0"
"0","0"
"0","0"
"0","0"
"0","0"
"0","0"
"0","0"
"0","0"
"0","0"
"0","0"
"41.03999710083008","3.738621473312378"
"0","0"
"0","0"
"0","0"
"0","0"
"0","0"
"0","0"
"3.4679999351501465","1.4969408512115479"
"0","0"
"0","0"
"0","0"
"0","0"
"0","0"
"0","0"
"0","0"
"0","0"
"1.4149999618530273","0.88169926404953"
"0","0"
"0","0"
"0","0"
"0","0"
"0","0"
"0","0"
"0","0"
"0","0"
"0","0"
"0","0"
"0","0"
"0","0"
"0","0"
"0","0"
"0","0"
"0","0"
"20.000001907348633","3.044522523880005"
"0","0"
"0","0"
"0","0"
"0","0"
"0","0"
"0","0"
"0","0"
"0","0"
"0","0"
"493.7610168457031","6.204074859619141"
"0","0"
"0","0"
"0","0"
"0","0"
"0","0"
"0","0"
"0","0"
"0","0"
"0","0"
"0","0"
"0","0"
"0","0"
"0","0"
"0","0"
"0","0"
"0","0"
"0","0"
"0","0"
"0","0"
"0","0"
"72.00001525878906","4.290459632873535"
"0","0"
"0","0"
"50.20199966430664","3.9357786178588867"
"0","0"
"0","0"
"0","0"
"0","0"
"0","0"
"0","0"
"0","0"
"0","0"
"0","0"
"0","0"
"0","0"
"0","0"
"0","0"
"0","0"
"0","0"
"0","0"
"0","0"
"0","0"
"0","0"
"0","0"
"0","0"
"0","0"
"0","0"
"0","0"
"0","0"
"0","0"
"0","0"
"0","0"
"0","0"
"0","0"
"0","0"
"0","0"
"0","0"
"0","0"
"22.347997665405273","3.1505112648010254"
"0","0"
"0","0"
"0","0"
"0","0"
"0","0"
"0","0"
"0","0"
"0","0"
"0","0"
"0","0"
"0","0"
"0","0"
"0","0"
"0","0"
"6.5920000076293945","2.027095079421997"
"0","0"
"0","0"
"0","0"
"0","0"
"0","0"
"0","0"
"0","0"
"0","0"
"0","0"
"0","0"
"0","0"
"0","0"
"0","0"
"0","0"
"0","0"
"0","0"
"0","0"
"0","0"
"0","0"
"0","0"
"0","0"
"0","0"
"0","0"
"0","0"
"0","0"
"0","0"
"0","0"
"0","0"
"0","0"
"0","0"
"0","0"
"0","0"
"0","0"
"0","0"
"0","0"
"0","0"
"0","0"
"0","0"
"0","0"
"0","0"
"0","0"
"0","0"
"0","0"
"0","0"
"0","0"
"0","0"
"0","0"
"0","0"
"0","0"
"0","0"
"0","0"
"0","0"
"0","0"
"0","0"
"12.052998542785645","2.5690178871154785"
"0","0"
"0","0"
"0","0"
"0","0"
"0","0"
"0","0"
"0","0"
"0","0"
"50.74800491333008","3.9463858604431152"
"0","0"
"0","0"
"0","0"
"0","0"
"0","0"
"0","0"
"0","0"
"0","0"
"0","0"
"0","0"
"0","0"
"0","0"
"0","0"
"0","0"
"0","0"
"0","0"
"0","0"
"0","0"
"0","0"
"0","0"
"0","0"
"0","0"
"0","0"
"0","0"
"82.44400024414062","4.42417573928833"
"0","0"
"0","0"
"0","0"
"0","0"
"15.488998413085938","2.8026933670043945"
"0","0"
"0","0"
"0","0"
"0","0"
"10.652998924255371","2.455563545227051"
"0","0"
"0","0"
"0","0"
"0","0"
"0","0"
"0","0"
"0","0"
"0","0"
"12.107998847961426","2.5732226371765137"
"0","0"
"0","0"
"0","0"
"0","0"
"0","0"
"0","0"
"0","0"
"0","0"
"39.78699493408203","3.7083632946014404"
"0","0"
"0","0"
"0","0"
"0","0"
"0","0"
"0","0"
"0","0"
"0","0"
"0","0"
"0","0"
"0","0"
"0","0"
"0","0"
"0","0"
"0","0"
"0","0"
"0","0"
"0","0"
"0","0"
"0","0"
"0","0"
"0","0"
"0","0"
"0","0"
"0","0"
"0","0"
"0","0"
"0","0"
"0","0"
"0","0"
"0","0"
"42.615997314453125","3.775424003601074"
"0","0"
"0","0"
"0","0"
"0","0"
"0","0"
"0","0"
"0","0"
"0","0"
"0","0"
"0","0"
"0","0"
"0","0"
"0","0"
"0","0"
"0","0"
"0","0"
"0","0"
"0","0"
"0","0"
"0","0"
"0","0"
"0","0"
"0","0"
"0","0"
"0","0"
"0","0"
"0","0"
"0","0"
"0","0"
"87.41000366210938","4.481985092163086"
"0","0"
"20.543001174926758","3.0700509548187256"
"0","0"
"0","0"
"0","0"
"0","0"
"0","0"
"0","0"
"0","0"
"0","0"
"0","0"
"0","0"
"0","0"
"0","0"
"0","0"
"0","0"
"0","0"
"17.382999420166016","2.911426305770874"
"0","0"
"2.253000259399414","1.1795777082443237"
"4.836999416351318","1.7642168998718262"
"1.6009998321533203","0.9558959007263184"
"0","0"
"5.449000358581543","1.8639250993728638"
"0","0"
"2.8469998836517334","1.3472936153411865"
"0","0"
"0","0"
"0","0"
"0","0"
"0","0"
"0","0"
"0","0"
"0","0"
"0","0"
"0","0"
"0","0"
"0","0"
"0","0"
"0","0"
"0","0"
"0","0"
"0","0"
"0","0"
"0","0"
"0","0"
"0","0"
"0","0"
"0","0"
"0","0"
"0","0"
"0","0"
"0","0"
"0","0"
"0","0"
"0","0"
"0","0"
"67.71500396728516","4.2299675941467285"
"0","0"
"0","0"
"0","0"
"0","0"
"0","0"
"5.6620001792907715","1.8964197635650635"
"0","0"
"0","0"
"0","0"
"0","0"
"0","0"
"0","0"
"0","0"
"0","0"
"5.503999710083008","1.8724173307418823"
"0","0"
"7.033999919891357","2.0836825370788574"
"0","0"
"0","0"
"0","0"
"0","0"
"0","0"
"48.94999694824219","3.911022424697876"
"0","0"
"0","0"
"0","0"
"0","0"
"0","0"
"0","0"
"0","0"
"0","0"
"0","0"
"0","0"
"0","0"
"0","0"
"0","0"
"0","0"
"0","0"
"0","0"
"0","0"
"0","0"
"0","0"
"0","0"
"0","0"
"0","0"
"0","0"
"0","0"
"0","0"
"0","0"
"0","0"
"0","0"
"0","0"
"0","0"
"0","0"
"0","0"
"0","0"
"0","0"
"0","0"
"0","0"
"0","0"
"0","0"
"0","0"
"0","0"
"0","0"
"0","0"
"0","0"
"15.307999610900879","2.7916557788848877"
"52.452003479003906","3.9787840843200684"
"0","0"
"0","0"
"0","0"
"0","0"
"0","0"
"0","0"
"0","0"
"0","0"
"0","0"
"0","0"
"0","0"
"0","0"
"0","0"
"0","0"
"13.178999900817871","2.651762008666992"
"0","0"
"0","0"
"3.126999616622925","1.4175506830215454"
"0","0"
"0","0"
"0","0"
"0","0"
"0","0"
"13.839999198913574","2.697326183319092"
"101.1259994506836","4.62620735168457"
"4.3520002365112305","1.677470326423645"
"0","0"
"19.812999725341797","3.0355777740478516"
"14.44999885559082","2.7376089096069336"
"0","0"
"0","0"
"0","0"
"5.955999374389648","1.9396045207977295"
"44.025997161865234","3.8072400093078613"
"0","0"
"0","0"
"0","0"
"0","0"
"0","0"
"0","0"
"0","0"
"23.922998428344727","3.2157909870147705"
"0","0"
"0","0"
"0","0"
"0","0"
"0","0"
"0","0"
"0","0"
"356.5079345703125","5.879157543182373"
"0","0"
"0","0"
"0","0"
"0","0"
"0","0"
"0","0"
"0","0"
"0","0"
"0","0"
"0","0"
"0","0"
"0","0"
"0","0"
"0","0"
"0","0"
"0","0"
"0","0"
"0.27699995040893555","0.24451354146003723"
"0","0"
"0","0"
"0","0"
"0","0"
"0","0"
"0","0"
"0","0"
"0","0"
"61.563011169433594","4.136174201965332"
"30.31500244140625","3.4440972805023193"
"0","0"
"0","0"
"0","0"
"0","0"
"39.44600296020508","3.699967861175537"
"0","0"
"0","0"
"21.433998107910156","3.1105775833129883"
"0","0"
"0","0"
"0","0"
"0","0"
"0","0"
"0","0"
"0","0"
"0","0"
"0","0"
"0","0"
"0","0"
"0","0"
"0","0"
"0","0"
"0","0"
"0","0"
"0","0"
"0","0"
"0","0"
"0","0"
"0","0"
"0","0"
"0","0"
"0","0"
"0","0"
"0","0"
"0","0"
"0","0"
"0","0"
"0","0"
"0","0"
"0","0"
"0","0"
"0","0"
"0","0"
"0","0"
"0","0"
"0","0"
"0","0"
"0","0"
"0","0"
"0","0"
"0","0"
"0","0"
"0","0"
"10.471999168395996","2.4399092197418213"
"22.825998306274414","3.1707773208618164"
"0","0"
"0","0"
"0","0"
"0","0"
"0","0"
"0","0"
"0","0"
"0","0"
"0","0"
"0","0"
"0","0"
"0","0"
"0","0"
"0","0"
"0","0"
"0","0"
"0","0"
"0","0"
"0","0"
"0","0"
"0","0"
"0","0"
"0","0"
"0","0"
"0","0"
"0","0"
"0","0"
"0","0"
"0","0"
"0","0"
"0","0"
"0","0"
"0","0"
"0","0"
"0","0"
"0","0"
"0","0"
"0","0"
"6.491000652313232","2.013702392578125"
"4.6080002784729","1.7241941690444946"
"0.4789998531341553","0.3913660943508148"
"2.7839996814727783","1.3307815790176392"
"0","0"
"0","0"
"0","0"
"0","0"
"0","0"
"0","0"
"0","0"
"0","0"
"0","0"
"0","0"
"0","0"
"0","0"
"0","0"
"0","0"
"0","0"
"0","0"
"0","0"
"0","0"
"0","0"
"0","0"
"0","0"
"0","0"
"0","0"
"0","0"
"0","0"
"0","0"
"0","0"
"0","0"
"0","0"
"0","0"
"0","0"
"0","0"
"0","0"
"0","0"
"0","0"
"0","0"
"0","0"
"0","0"
"0","0"
"1.8589999675750732","1.0504719018936157"
"0","0"
"0","0"
"0","0"
"0","0"
"0","0"
"0","0"
"0","0"
"0","0"
"0","0"
"0","0"
"0","0"
"0","0"
"0","0"
"0","0"
"0","0"
"0","0"
"0","0"
"0","0"
"0","0"
"0","0"
"0","0"
"0","0"
"0.9110000729560852","0.6476266980171204"
"0.07200003415346146","0.06952609121799469"
"0.4399998188018799","0.3646429777145386"
"1.7949998378753662","1.02783203125"
"1.6989998817443848","0.9928812980651855"
"0.08500003814697266","0.0815800204873085"
"0.1959998607635498","0.17898254096508026"
"0","0"
"1.6429998874664307","0.9719145894050598"
"0","0"
"5.066999435424805","1.8028641939163208"
"0","0"
"0","0"
"3.5530002117156982","1.5157864093780518"
"0","0"
"0","0"
"0","0"
"0","0"
"0","0"
"0","0"
"0","0"
"0","0"
"0","0"
"0","0"
"0","0"
"0","0"
"0.19999980926513672","0.18232139945030212"
"0","0"
"0","0"
"0","0"
"0","0"
"0","0"
"0","0"
"0","0"
"0","0"
"32.41899871826172","3.509124517440796"
"0","0"
"0","0"
"0","0"
"1.9449998140335083","1.0801087617874146"
"0","0"
"0","0"
"0","0"
"0","0"
"10.322999954223633","2.4268360137939453"
"0","0"
"0","0"
"0","0"
"0","0"
"0","0"
"0","0"
"0","0"
"0","0"
"0","0"
"0","0"
"0","0"
"0","0"
"0","0"
"0","0"
"1.6380000114440918","0.9700210690498352"
"0","0"
"0","0"
"0","0"
"0","0"
"0","0"
"0","0"
"0","0"
"0","0"
"0","0"
"0","0"
"0","0"
"0","0"
"0","0"
"29.760000228881836","3.426215171813965"
"3.747999668121338","1.5577234029769897"
"0","0"
"0","0"
"0","0"
"0","0"
"0","0"
"0","0"
"0","0"
"0","0"
"0","0"
"0","0"
"0","0"
"0","0"
"0","0"
"0","0"
"0","0"
"0","0"
"0","0"
"0","0"
"0","0"
"0","0"
"0","0"
"18.9580020904541","2.9936301708221436"
"472.3860168457031","6.159911155700684"
"7.660000324249268","2.158714771270752"
"0","0"
"54.7139892578125","4.020231246948242"
"0","0"
"0","0"
"0","0"
"10.543999671936035","2.4461658000946045"
"0","0"
"0","0"
"0","0"
"0","0"
"0","0"
"0","0"
"0","0"
"0","0"
"0","0"
"0","0"
"0","0"
"0","0"
"0","0"
"0","0"
"0","0"
"0","0"
"0","0"
"0","0"
"0","0"
"0","0"
"0","0"
"0","0"
"0","0"
"0","0"
"0","0"
"0","0"
"0","0"
"0","0"
"0","0"
"0","0"
"0","0"
"0","0"
"0","0"
"0","0"
"0","0"
"0","0"
"0","0"
"0","0"
"19.14000129699707","3.0027079582214355"
"0","0"
"0","0"
"0","0"
"0","0"
"0","0"
"0","0"
"0","0"
"0","0"
"0","0"
"0","0"
"0","0"
"0","0"
"0","0"
"0","0"
"76.22399139404297","4.346710205078125"
"0","0"
"0","0"
"0","0"
"0","0"
"127.10197448730469","4.8528265953063965"
"0","0"
"0","0"
"0.9129999279975891","0.6486726403236389"
"0.8629999160766602","0.6221880316734314"
"0.28600001335144043","0.25153663754463196"
"0.7149999141693115","0.5394130349159241"
"0.18799996376037598","0.17227119207382202"
"1.2139999866485596","0.7948008179664612"
"1.4729998111724854","0.9054319262504578"
"0","0"
"0","0"
"0","0"
"0","0"
"0","0"
"0","0"
"0","0"
"0","0"
"0","0"
"0","0"
"0","0"
"0","0"
"0","0"
"0","0"
"0","0"
"0","0"
"0","0"
"0","0"
"0","0"
"0","0"
"0","0"
"0","0"
"0","0"
"0","0"
"0","0"
"0","0"
"2.324000120162964","1.2011688947677612"
"7.642999649047852","2.156749725341797"
"0","0"
"98.32201385498047","4.598367214202881"
"0","0"
"0","0"
"0","0"
"0","0"
"0","0"
"0","0"
"0","0"
"0","0"
"0","0"
"0","0"
"0","0"
"0","0"
"0","0"
"0","0"
"0","0"
"0","0"
"0","0"
"0","0"
"0","0"
"0","0"
"0","0"
"0","0"
"0","0"
"0","0"
"0","0"
"0","0"
"0","0"
"0","0"
"0","0"
"0","0"
"29.29199981689453","3.410883665084839"
"0","0"
"0","0"
"0","0"
"0","0"
"0","0"
"0","0"
"0","0"
"0","0"
"0","0"
"0","0"
"0","0"
"0","0"
"0","0"
"0","0"
"0","0"
"0","0"
"0","0"
"0","0"
"0","0"
"0","0"
"0","0"
"0","0"
"0","0"
"0","0"
"0","0"
"0","0"
"0","0"
"0","0"
"0","0"
"0","0"
"0","0"
"0","0"
"0","0"
"0","0"
"0","0"
"0","0"
"0","0"
"0","0"
"0","0"
"0","0"
"0","0"
"0","0"
"0","0"
"0","0"
"0","0"
"0","0"
"0","0"
"0","0"
"0","0"
"0","0"
"0","0"
"0","0"
"0","0"
"0","0"
"0.33899998664855957","0.29192304611206055"
"2.671999931335449","1.300736427307129"
"0","0"
"0","0"
"0","0"
"0","0"
"0","0"
"0","0"
"203.17001342773438","5.318953037261963"
"0","0"
"0","0"
"0","0"
"0","0"
"0","0"
"0","0"
"0","0"
"0","0"
"0","0"
"0","0"
"0","0"
"0","0"
"0","0"
"0","0"
"0","0"
"0","0"
"30.957998275756836","3.4644224643707275"
"0","0"
"0","0"
"0","0"
"0","0"
"0","0"
"0","0"
"0","0"
"0","0"
"0","0"
"0","0"
"0","0"
"0","0"
"0","0"
"0","0"
"0","0"
"0","0"
"0","0"
"0","0"
"354.4670715332031","5.873432636260986"
"0","0"
"0","0"
"0","0"
"0","0"
"0","0"
"0","0"
"0","0"
"0","0"
"0","0"
"0","0"
"0","0"
"0","0"
"0","0"
"0","0"
"0","0"
"0","0"
"0","0"
"0","0"
"0","0"
"0","0"
"0","0"
"0","0"
"0","0"
"0","0"
"0","0"
"0","0"
"0","0"
"0","0"
"0","0"
"0","0"
"0","0"
"0","0"
"0","0"
"0","0"
"0","0"
"0","0"
"0","0"
"0","0"
"0","0"
"0","0"
"0","0"
"0","0"
"0","0"
"0","0"
"0","0"
"0","0"
"0","0"
"0","0"
"0","0"
"0","0"
"0","0"
"0","0"
"0","0"
"0","0"
"0","0"
"0","0"
"0","0"
"0","0"
"0","0"
"0","0"
"0","0"
"0","0"
"0","0"
"18.24700164794922","2.957355260848999"
"0","0"
"0","0"
"0","0"
"0","0"
"0","0"
"0","0"
"0","0"
"0","0"
"0","0"
"0","0"
"0","0"
"0","0"
"0","0"
"0","0"
"0","0"
"0","0"
"0","0"
"0","0"
"0","0"
"0","0"
"0","0"
"0","0"
"0","0"
"0","0"
"0","0"
"0","0"
"0","0"
"0","0"
"0","0"
"0","0"
"0","0"
"0","0"
"0","0"
"0","0"
"0","0"
"0","0"
"0","0"
"0","0"
"0","0"
"0","0"
"0","0"
"0","0"
"0","0"
"0","0"
"0","0"
"0","0"
"0","0"
"0","0"
"0","0"
"0","0"
"0","0"
"0","0"
"0","0"
"46.592002868652344","3.8626646995544434"
"0","0"
"0","0"
"0","0"
"0","0"
"0","0"
"0","0"
"0","0"
"48.040992736816406","3.8926565647125244"
"0","0"
"0","0"
"0","0"
"0","0"
"0","0"
"0","0"
"0","0"
"0","0"
"0","0"
"0","0"
"0","0"
"48.75400161743164","3.907090902328491"
"0","0"
"0","0"
"0","0"
"0","0"
"0","0"
"0","0"
"0","0"
"0","0"
"0","0"
"0","0"
"0","0"
"0","0"
"0","0"
"0","0"
"0","0"
"0","0"
"0","0"
"7.438999652862549","2.132863759994507"
"0","0"
"20.6720027923584","3.076021194458008"
"0","0"
"9.666999816894531","2.367154836654663"
"0","0"
"15.49000072479248","2.8027541637420654"
"7.321000576019287","2.1187825202941895"
"23.691999435424805","3.20647931098938"
"0","0"
"0","0"
"0","0"
"0","0"
"0","0"
"0","0"
"0","0"
"0","0"
"0","0"
"0","0"
"0","0"
"0","0"
"0","0"
"0","0"
"0","0"
"0","0"
"0","0"
"0","0"
"0","0"
"0","0"
"0","0"
"0","0"
"0","0"
"0","0"
"14.265999794006348","2.725628137588501"
"7.492999076843262","2.139242172241211"
"0","0"
"0","0"
"0","0"
"0","0"
"0","0"
"0","0"
"0","0"
"0","0"
"0","0"
"0","0"
"0","0"
"0","0"
"0","0"
"0","0"
"0","0"
"0","0"
"2.044999837875366","1.1135008335113525"
"0","0"
"0","0"
"0","0"
"0","0"
"0","0"
"0","0"
"0","0"
"0","0"
"0","0"
"0","0"
"0","0"
"0","0"
"0","0"
"0","0"
"0","0"
"0","0"
"0","0"
"0","0"
"0","0"
"0","0"
"0","0"
"0","0"
"0","0"
"0","0"
"0","0"
"0","0"
"0","0"
"0","0"
"0","0"
"0","0"
"0","0"
"0","0"
"0","0"
"0","0"
"0","0"
"0","0"
"0","0"
"0","0"
"0","0"
"6.097999572753906","1.9598129987716675"
"0","0"
"0","0"
"0","0"
"0","0"
"12.484001159667969","2.601503849029541"
"0","0"
"6.662999153137207","2.0364034175872803"
"8.730000495910645","2.2752139568328857"
"0","0"
"0","0"
"0","0"
"0","0"
"0","0"
"0","0"
"0","0"
"0","0"
"0","0"
"0","0"
"0","0"
"0","0"
"0","0"
"0","0"
"0","0"
"0","0"
"0","0"
"0","0"
"0","0"
"0","0"
"0","0"
"0","0"
"0","0"
"0","0"
"0","0"
"0","0"
"0","0"
"0","0"
"0","0"
"0","0"
"0","0"
"0","0"
"0","0"
"0","0"
"0","0"
"0","0"
"0","0"
"0","0"
"0","0"
"0","0"
"0","0"
"0","0"
"0","0"
"0","0"
"0","0"
"102.87100982666016","4.6431498527526855"
"0","0"
"0","0"
"0","0"
"0","0"
"0","0"
"0","0"
"0","0"
"0","0"
"0","0"
"0","0"
"0","0"
"0","0"
"0","0"
"0","0"
"0","0"
"0","0"
"0","0"
"31.007997512817383","3.4659857749938965"
"0","0"
"0","0"
"0","0"
"0","0"
"0","0"
"0","0"
"0","0"
"0","0"
"0","0"
"0","0"
"0","0"
"0","0"
"0","0"
"0","0"
"0","0"
"0","0"
"0","0"
"0","0"
"0","0"
"0","0"
"0","0"
"0","0"
"0","0"
"0","0"
"0","0"
"0","0"
"0","0"
"34.95899963378906","3.5823793411254883"
"61.092987060546875","4.12863302230835"
"0","0"
"0","0"
"0","0"
"0","0"
"0","0"
"0","0"
"0","0"
"0","0"
"0","0"
"0","0"
"0","0"
"0","0"
"0","0"
"0","0"
"169.30101013183594","5.137567520141602"
"0","0"
"0","0"
"0","0"
"0","0"
"0","0"
"0","0"
"0","0"
"0","0"
"0","0"
"0","0"
"0","0"
"0","0"
"0","0"
"0","0"
"0","0"
"0","0"
"0","0"
"5.190000057220459","1.8229351043701172"
"0","0"
"0","0"
"0","0"
"0","0"
"0","0"
"0","0"
"0","0"
"0","0"
"0","0"
"0","0"
"0","0"
"0","0"
"0","0"
"0","0"
"0","0"
"0","0"
"0","0"
"0","0"
"0","0"
"0","0"
"0","0"
"0","0"
"0","0"
"0","0"
"0","0"
"0","0"
"0","0"
"0","0"
"0","0"
"0","0"
"0","0"
"0","0"
"0","0"
"0","0"
"0","0"
"0","0"
"0","0"
"0","0"
"0","0"
"0","0"
"0","0"
"0","0"
"0","0"
"0","0"
"0","0"
"0","0"
"27.80699920654297","3.3606183528900146"
"0","0"
"0","0"
"0","0"
"0","0"
"0","0"
"0","0"
"0","0"
"0","0"
"37.25300216674805","3.6442220211029053"
"0","0"
"0","0"
"0","0"
"0","0"
"0","0"
"0","0"
"0","0"
"0","0"
"0","0"
"0","0"
"0","0"
"0","0"
"0","0"
"0","0"
"0","0"
"0","0"
"0","0"
"0","0"
"0","0"
"0","0"
"0","0"